Date,Time,"코어 사용량 (avg) [%]","Core 0 T0 사용량 [%]","Core 0 T1 사용량 [%]","Core 1 T0 사용량 [%]","Core 1 T1 사용량 [%]","Core 2 T0 사용량 [%]","Core 2 T1 사용량 [%]","Core 3 T0 사용량 [%]","Core 3 T1 사용량 [%]","Core 4 T0 사용량 [%]","Core 4 T1 사용량 [%]","Core 5 T0 사용량 [%]","Core 5 T1 사용량 [%]","Core 6 T0 사용량 [%]","Core 6 T1 사용량 [%]","Core 7 T0 사용량 [%]","Core 7 T1 사용량 [%]","Core 8 T0 사용량 [%]","Core 8 T1 사용량 [%]","Core 9 T0 사용량 [%]","Core 9 T1 사용량 [%]","Core 10 T0 사용량 [%]","Core 10 T1 사용량 [%]","Core 11 T0 사용량 [%]","Core 11 T1 사용량 [%]","최대 CPU/스레드 사용량 [%]","총 CPU 사용량 [%]","코어 활용률 (avg) [%]","Core 0 T0 활용률 [%]","Core 0 T1 활용률 [%]","Core 1 T0 활용률 [%]","Core 1 T1 활용률 [%]","Core 2 T0 활용률 [%]","Core 2 T1 활용률 [%]","Core 3 T0 활용률 [%]","Core 3 T1 활용률 [%]","Core 4 T0 활용률 [%]","Core 4 T1 활용률 [%]","Core 5 T0 활용률 [%]","Core 5 T1 활용률 [%]","Core 6 T0 활용률 [%]","Core 6 T1 활용률 [%]","Core 7 T0 활용률 [%]","Core 7 T1 활용률 [%]","Core 8 T0 활용률 [%]","Core 8 T1 활용률 [%]","Core 9 T0 활용률 [%]","Core 9 T1 활용률 [%]","Core 10 T0 활용률 [%]","Core 10 T1 활용률 [%]","Core 11 T0 활용률 [%]","Core 11 T1 활용률 [%]","총 CPU 활용률 [%]","Package C6 점유율 [%]","Core C0 점유율 (avg) [%]","Core 0 C0 점유율 [%]","Core 1 C0 점유율 [%]","Core 2 C0 점유율 [%]","Core 3 C0 점유율 [%]","Core 4 C0 점유율 [%]","Core 5 C0 점유율 [%]","Core 6 C0 점유율 [%]","Core 7 C0 점유율 [%]","Core 8 C0 점유율 [%]","Core 9 C0 점유율 [%]","Core 10 C0 점유율 [%]","Core 11 C0 점유율 [%]","Core C1 점유율 (avg) [%]","Core 0 C1 점유율 [%]","Core 1 C1 점유율 [%]","Core 2 C1 점유율 [%]","Core 3 C1 점유율 [%]","Core 4 C1 점유율 [%]","Core 5 C1 점유율 [%]","Core 6 C1 점유율 [%]","Core 7 C1 점유율 [%]","Core 8 C1 점유율 [%]","Core 9 C1 점유율 [%]","Core 10 C1 점유율 [%]","Core 11 C1 점유율 [%]","Core C6 점유율 (avg) [%]","Core 0 C6 점유율 [%]","Core 1 C6 점유율 [%]","Core 2 C6 점유율 [%]","Core 3 C6 점유율 [%]","Core 4 C6 점유율 [%]","Core 5 C6 점유율 [%]","Core 6 C6 점유율 [%]","Core 7 C6 점유율 [%]","Core 8 C6 점유율 [%]","Core 9 C6 점유율 [%]","Core 10 C6 점유율 [%]","Core 11 C6 점유율 [%]","CPU (Tctl/Tdie) [°C]","CPU 케이스(평균) [°C]","CPU CCD1 (Tdie) [°C]","CPU CCD2 (Tdie) [°C]","코어 온도 (avg) [°C]","Core0 (CCD1) [°C]","Core1 (CCD1) [°C]","Core2 (CCD1) [°C]","Core3 (CCD1) [°C]","Core4 (CCD1) [°C]","Core5 (CCD1) [°C]","Core6 (CCD2) [°C]","Core7 (CCD2) [°C]","Core8 (CCD2) [°C]","Core9 (CCD2) [°C]","Core10 (CCD2) [°C]","Core11 (CCD2) [°C]","L3 온도 (avg) [°C]","L3 캐시 (CCD1) [°C]","L3 캐시 (CCD2) [°C]","CPU IOD Hotspot [°C]","CPU IOD 평균 [°C]","CPU VDDCR_VDD VRM (SVI3 TFN) [°C]","CPU VDDCR_SOC VRM (SVI3 TFN) [°C]","CPU VDD_MISC VRM (SVI3 TFN) [°C]","CPU 코어 전류(SVI3 TFN) [A]","SoC 전류 (SVI3 TFN) [A]","CPU TDC [A]","CPU EDC [A]","MISC 전류 (SVI3 TFN) [A]","CPU TDC 제한 [%]","CPU EDC 제한 [%]","CPU PPT FAST Limit [%]","CPU PPT SLOW Limit [%]","APU STAPM Limit [%]","Thermal Limit [%]","SPD Hub 온도 [°C]","SPD Hub 온도 [°C]","디스크 온도 [°C]","디스크 온도 2 [°C]","디스크 남은 수명 [%]","디스크 사용 가능한 스페어 [%]","읽기 활동 [%]","쓰기 활동 [%]","총 활동 [%]","GPU 온도 [°C]","GPU 활용률 [%]","GPU 온도 [°C]","GPU 메모리 접합 온도 [°C]","GPU 핫스팟 온도 [°C]","GPU 열 제한 [°C]","GPU 코어 사용량 [%]","GPU 메모리 컨트롤러 사용량 [%]","GPU 비디오 엔진 사용량 [%]","GPU 버스 사용량 [%]","GPU 메모리 사용량 [%]","GPU D3D 사용량 (avg) [%]","GPU D3D 활용률 [%]","GPU Video Decode 0 사용량 [%]","GPU Video Encode 0 사용량 [%]","GPU VR 사용량 [%]",
3.11.2025,19:15:59.870,6.3,29.4,12.3,25.1,15.7,2.9,2.9,1.6,1.8,11.5,6.4,6.6,2.4,1.2,2.2,2.6,1.1,6.9,6.1,2.0,1.2,1.6,1.9,4.0,1.3,29.4,6.3,9.6,46.8,20.4,41.2,26.0,4.4,3.6,2.6,3.3,17.7,10.2,10.0,4.0,0.9,2.6,4.3,1.9,9.8,9.0,1.1,0.8,1.5,0.9,6.1,2.2,9.6,0.0,12.3,41.4,41.4,5.7,4.1,18.5,9.7,2.3,4.2,11.3,1.5,1.9,5.6,44.0,58.5,58.5,42.7,31.3,70.1,60.5,8.4,18.5,54.0,14.2,42.8,69.0,43.7,0.1,0.1,51.6,64.5,11.4,29.7,89.3,77.3,34.7,84.3,55.4,25.4,83.9,80.8,72.5,77.5,68.3,70.3,70.0,66.9,64.1,71.0,65.5,61.1,73.3,63.4,74.2,62.4,77.6,66.2,64.3,68.0,79.0,74.0,75.4,78.0,73.0,18.071,8.971,18.079,75.000,5.781,16.7,46.9,35.1,40.6,41.7,86.9,53.5,54.2,37,37,86.0,100.0,0.0,0.3,0.3,77.2,0.0,58.6,78.0,65.8,87.0,1.0,1.0,0.0,0.0,22.0,0.4,1.5,0.0,0.0,0.0,
3.11.2025,19:16:1.873,4.4,21.9,9.3,15.1,9.9,2.3,2.7,1.3,1.1,6.6,4.6,3.3,2.5,0.9,1.3,0.8,0.9,6.5,3.7,1.2,1.0,1.5,1.1,4.4,2.3,21.9,4.4,6.4,32.9,14.6,22.9,15.2,3.1,3.9,1.4,1.2,9.2,7.0,4.3,3.6,0.9,1.5,0.9,1.1,9.9,4.9,1.5,1.2,1.8,1.5,6.2,3.0,6.4,0.0,7.9,28.6,23.1,4.5,2.0,10.0,5.3,1.6,1.4,8.9,1.9,2.1,5.6,43.1,71.4,76.9,25.8,21.1,75.6,46.2,7.2,10.6,36.6,9.5,67.7,68.8,49.0,0.0,0.0,69.7,76.9,14.3,48.6,91.2,88.0,54.4,88.6,30.2,25.6,83.2,79.5,75.1,77.9,66.9,67.3,66.7,65.3,63.0,68.3,64.0,60.7,71.8,62.6,73.6,62.8,77.1,65.8,63.8,67.7,79.0,74.0,75.3,78.0,73.0,14.611,8.952,14.597,61.500,5.769,13.5,38.4,31.3,41.8,41.7,85.4,53.5,54.2,37,37,86.0,100.0,0.0,0.3,0.3,77.2,0.0,58.9,80.0,65.9,87.0,7.0,8.0,0.0,0.0,22.2,0.7,2.8,0.0,0.0,0.0,
3.11.2025,19:16:3.875,5.1,22.6,10.5,20.3,11.9,3.0,2.6,1.9,1.8,6.5,4.4,5.3,3.4,0.8,1.0,0.6,1.3,7.3,7.1,0.4,0.9,0.3,1.4,4.7,2.6,22.6,5.1,7.3,33.5,16.1,30.3,18.4,3.6,3.2,2.0,2.0,8.8,6.0,7.2,4.6,0.7,1.0,1.4,1.4,10.6,9.9,1.2,0.8,0.9,1.6,6.6,3.3,7.3,0.0,8.7,29.1,27.3,4.5,2.9,9.6,7.1,1.2,1.8,11.0,1.4,1.9,6.4,46.3,70.9,72.5,50.9,28.8,80.2,63.6,5.3,11.8,43.4,8.7,45.7,73.6,45.0,0.0,0.3,44.6,68.3,10.3,29.2,93.4,86.4,45.5,89.9,52.3,19.9,83.0,80.2,72.9,78.4,67.6,67.8,67.7,66.3,63.7,69.0,64.9,60.9,72.4,63.3,74.4,62.6,78.5,66.2,64.2,68.2,78.5,74.1,75.5,78.0,73.0,16.146,8.973,16.150,50.750,5.774,15.0,31.7,33.0,42.7,41.8,86.2,53.5,54.2,37,37,86.0,100.0,0.0,0.3,0.3,77.4,0.0,58.7,78.0,66.0,87.0,2.0,3.0,0.0,0.0,22.3,0.4,1.7,0.0,0.0,0.0,
3.11.2025,19:16:5.874,6.4,18.3,17.3,37.1,16.2,4.3,2.1,3.3,3.8,10.6,6.9,6.2,4.0,0.2,0.2,2.1,1.0,3.6,3.0,1.5,1.1,2.2,1.3,5.1,2.6,37.1,6.4,10.0,28.2,27.9,60.6,26.9,6.0,2.8,5.0,6.2,15.1,10.3,8.6,5.9,0.6,0.7,2.2,1.8,5.9,4.4,1.4,2.0,2.5,2.3,7.8,3.9,10.0,0.0,12.1,32.6,50.6,6.7,6.7,16.5,10.3,0.9,2.3,6.2,1.9,3.0,7.6,51.1,67.4,49.4,88.9,51.1,83.4,89.7,5.5,13.5,42.9,10.9,40.4,70.3,36.8,0.0,0.0,4.4,42.1,0.2,0.0,93.5,84.2,50.9,87.2,56.6,22.2,84.1,81.1,78.8,85.8,68.8,68.5,69.9,68.8,65.3,71.8,66.6,61.0,73.0,62.8,75.4,62.9,79.7,66.6,64.7,68.5,78.8,74.0,75.9,78.0,73.0,19.268,8.987,19.255,54.750,5.786,17.8,34.2,36.7,43.5,41.8,87.2,53.5,54.2,37,37,86.0,100.0,0.0,0.5,0.5,77.9,0.0,58.8,78.0,66.0,87.0,1.0,2.0,0.0,0.0,22.2,0.1,0.2,0.0,0.0,0.0,
3.11.2025,19:16:7.871,9.1,28.6,27.2,37.3,26.3,6.1,2.9,3.8,2.5,12.6,10.8,9.5,4.2,0.3,1.8,2.6,1.5,15.9,11.1,0.7,1.1,1.7,1.6,4.8,3.1,37.3,9.1,13.9,46.1,44.6,61.0,43.3,7.9,3.7,4.8,3.2,18.1,16.5,12.9,5.7,1.0,2.4,3.1,1.7,24.4,16.5,1.6,1.1,2.0,2.0,6.3,3.9,13.9,0.0,16.8,52.5,59.7,8.4,5.5,22.7,13.1,2.4,3.4,22.3,1.9,3.0,6.9,48.7,46.3,40.3,77.1,62.9,77.3,77.1,9.3,21.6,52.8,15.2,30.0,74.7,34.5,1.2,0.0,14.5,31.6,0.0,9.7,88.3,75.0,24.9,82.8,67.0,18.4,85.2,83.4,74.8,80.4,70.8,71.6,73.6,69.7,66.4,73.4,67.6,62.0,75.4,67.1,77.4,63.6,81.9,67.7,65.6,69.8,78.5,74.5,76.6,78.0,73.0,21.928,9.063,21.934,57.000,5.810,20.3,35.6,39.5,46.4,41.8,89.6,53.5,54.2,37,37,86.0,100.0,0.0,0.4,0.4,78.0,0.0,58.9,78.0,66.2,87.0,0.0,3.0,0.0,0.0,22.3,0.5,2.0,0.0,0.0,0.0,
3.11.2025,19:16:9.877,3.5,13.4,8.3,19.3,8.1,1.1,0.7,0.7,0.7,3.7,2.5,2.6,1.4,1.3,0.0,0.8,0.7,5.3,3.6,1.7,1.3,1.3,0.5,2.7,1.1,19.3,3.5,4.8,19.4,12.8,29.7,12.4,1.1,0.7,0.7,0.7,4.5,3.3,3.0,1.6,0.4,1.3,0.7,0.6,8.1,4.6,1.0,1.6,1.5,0.3,3.5,1.1,4.8,0.0,6.2,20.1,25.7,1.5,1.1,5.8,3.6,1.2,1.1,7.6,1.9,1.7,3.4,38.0,79.5,72.0,29.0,10.1,54.2,46.3,4.7,6.0,32.1,4.7,61.9,55.1,55.8,0.3,2.3,69.4,88.8,40.0,50.1,94.0,92.9,60.3,93.4,36.4,41.5,83.8,79.5,73.4,72.5,66.5,66.5,66.8,65.0,62.9,67.0,64.0,60.9,71.3,62.5,72.8,62.8,75.5,65.9,64.1,67.8,78.5,73.8,75.7,78.0,73.0,13.136,8.924,13.150,52.000,5.756,12.2,32.5,29.8,46.3,41.9,85.5,53.5,54.2,37,37,86.0,100.0,0.0,0.0,0.0,77.5,0.0,59.0,80.0,66.0,87.0,9.0,9.0,0.0,0.0,22.0,0.3,1.3,0.0,0.0,0.0,
3.11.2025,19:16:11.875,5.6,17.3,14.9,37.0,15.8,3.2,2.0,2.3,1.8,8.9,5.6,5.4,3.4,0.3,1.2,0.0,0.4,5.0,3.4,0.8,0.5,0.4,0.4,3.2,2.0,37.0,5.6,8.5,25.5,23.4,60.4,26.2,4.1,2.6,3.2,2.5,11.8,8.0,6.8,4.7,0.4,0.6,0.8,0.5,7.8,4.6,1.0,0.7,0.5,0.5,4.3,2.6,8.5,0.0,10.8,30.2,50.2,5.2,3.7,14.6,8.8,0.8,1.1,7.3,1.3,1.1,5.1,49.5,69.8,49.8,80.7,46.1,85.4,90.5,4.3,7.3,29.6,6.3,42.6,81.6,39.7,0.0,0.0,14.1,50.2,0.0,0.7,94.9,91.6,63.1,92.3,56.4,13.3,83.2,80.7,75.1,74.5,68.7,68.3,69.9,68.5,65.0,71.5,66.6,61.1,72.3,62.8,75.2,62.8,79.9,66.8,64.9,68.6,78.2,74.3,76.0,78.0,73.0,18.238,8.974,18.234,45.250,5.783,16.9,28.3,35.7,45.2,41.9,86.8,53.5,54.2,37,37,86.0,100.0,0.0,0.1,0.1,78.0,0.0,59.0,78.0,66.2,87.0,0.0,2.0,0.0,0.0,22.2,0.1,0.5,0.0,0.0,0.0,
3.11.2025,19:16:13.880,6.5,16.1,19.0,42.1,12.9,3.2,3.1,3.8,2.9,10.1,8.1,6.1,4.7,0.4,1.5,4.8,2.4,3.4,3.2,0.8,0.7,0.8,0.6,3.2,2.0,42.1,6.5,9.7,24.5,30.1,68.4,21.3,3.9,3.9,5.2,4.1,13.7,11.3,7.7,6.3,0.5,2.4,6.2,3.6,5.1,4.1,1.0,1.0,1.1,0.7,4.3,2.6,9.7,0.0,11.9,31.6,52.3,6.1,5.6,15.9,10.3,2.0,5.4,5.7,1.4,1.4,5.2,50.3,68.4,47.6,86.7,57.0,84.0,89.2,6.6,14.5,33.8,10.0,17.3,88.6,37.8,0.0,0.2,7.3,37.4,0.1,0.5,91.5,80.1,60.4,88.5,81.3,6.1,83.9,82.0,74.2,81.9,69.3,68.5,70.0,68.9,65.6,72.1,66.9,61.4,74.8,62.6,76.4,62.3,81.4,67.0,65.0,69.0,78.8,74.5,76.3,78.0,73.0,18.736,8.997,18.737,57.250,5.793,17.3,35.8,36.1,46.1,41.9,88.2,53.5,54.2,37,37,86.0,100.0,0.0,0.3,0.3,78.0,0.0,58.9,78.0,66.2,87.0,1.0,2.0,0.0,0.0,22.2,0.1,0.3,0.0,0.0,0.0,
3.11.2025,19:16:15.874,4.8,13.3,14.8,36.1,10.2,2.8,1.5,1.5,1.1,7.7,4.4,4.6,2.5,0.2,1.0,1.2,0.7,3.1,3.2,0.4,0.2,0.0,0.5,2.7,1.2,36.1,4.8,7.2,19.6,23.6,58.2,16.7,3.4,2.1,1.9,1.6,9.8,6.4,5.6,3.5,0.3,0.5,1.9,1.1,4.8,4.5,0.6,0.4,0.6,0.9,3.8,1.5,7.2,0.0,9.4,25.9,45.8,4.4,2.8,11.9,7.2,0.7,2.1,6.1,0.8,1.2,4.1,49.2,74.1,54.0,79.7,42.2,85.7,89.4,3.1,9.7,33.3,6.6,24.4,88.6,41.3,0.1,0.2,15.9,55.0,2.4,3.5,96.2,88.2,60.6,92.5,74.3,7.3,83.2,81.0,72.4,77.0,68.6,67.8,69.2,68.2,64.7,71.0,66.2,61.2,73.2,62.7,75.7,62.6,80.6,66.9,64.9,68.8,78.2,74.2,76.3,78.0,73.0,17.114,8.953,17.126,52.000,5.786,15.9,32.5,34.3,46.4,42.0,87.1,53.5,54.2,37,37,86.0,100.0,0.0,0.4,0.4,78.0,0.0,59.0,78.0,66.2,87.0,0.0,2.0,0.0,0.0,22.2,0.0,0.1,0.0,0.0,0.0,
3.11.2025,19:16:17.870,9.6,30.7,22.3,40.7,25.0,7.5,4.0,6.2,2.9,15.4,10.1,12.4,4.6,1.7,1.8,2.2,3.0,9.6,12.1,1.8,2.0,1.6,2.3,5.8,4.2,40.7,9.6,14.4,48.8,36.0,66.0,41.2,9.9,5.3,8.4,3.7,23.0,15.1,17.6,6.3,1.8,2.0,2.4,3.9,14.1,17.6,3.0,2.3,1.6,2.7,7.5,5.3,14.4,0.0,17.8,50.4,62.5,10.9,8.0,24.4,16.6,2.6,4.3,18.1,3.7,3.2,9.3,49.4,49.5,37.5,67.1,59.0,69.1,68.2,14.2,28.2,56.4,21.9,31.8,90.1,32.8,0.2,0.0,22.0,33.0,6.4,15.2,83.2,67.5,25.6,74.5,65.0,0.6,86.8,84.9,73.8,79.9,71.0,71.0,73.4,69.2,66.4,72.7,67.4,62.1,76.7,65.7,79.3,63.5,84.4,67.7,65.4,70.0,79.0,74.7,76.5,78.3,73.0,21.759,9.086,21.753,73.750,5.810,20.1,46.1,39.0,47.2,42.0,91.3,53.5,54.2,37,37,86.0,100.0,0.0,0.2,0.2,78.0,0.0,59.1,80.0,66.4,87.0,0.0,3.0,0.0,0.0,22.2,0.5,1.8,0.0,0.0,0.0,
3.11.2025,19:16:19.879,3.8,12.9,8.7,18.0,10.4,1.9,1.8,0.9,1.7,5.3,2.8,3.0,1.3,0.0,0.0,1.0,0.8,8.1,4.1,1.3,0.5,1.7,0.0,3.3,1.4,18.0,3.8,5.2,18.7,13.1,28.7,14.9,2.1,2.2,0.8,1.6,6.9,3.3,3.9,1.4,0.4,0.4,1.0,0.7,10.5,5.4,0.4,0.4,0.9,0.4,4.3,1.3,5.2,0.0,6.9,19.9,27.5,3.2,2.1,7.9,4.0,0.7,1.3,10.4,0.7,1.1,4.3,37.4,78.4,71.0,30.7,13.0,58.0,56.7,3.0,4.5,29.8,3.3,24.6,75.7,55.7,1.7,1.5,66.1,84.9,34.1,39.3,96.3,94.2,59.8,96.0,74.3,20.0,85.0,80.1,72.9,72.5,67.1,66.6,67.1,65.6,63.3,67.9,64.5,60.9,71.8,62.8,73.9,62.3,77.9,66.2,64.3,68.1,78.2,74.1,76.0,78.4,73.0,13.315,8.906,13.326,41.500,5.763,12.3,25.9,29.9,47.0,42.0,86.1,53.5,54.2,37,37,86.0,100.0,0.0,0.1,0.1,77.8,0.0,58.9,78.0,66.2,87.0,0.0,1.0,0.0,0.0,22.2,0.0,0.1,0.0,0.0,0.0,
3.11.2025,19:16:21.880,1.4,6.0,2.5,4.4,8.4,0.0,0.0,0.0,0.0,0.5,0.8,0.2,0.1,0.2,0.0,0.0,0.0,1.1,5.0,0.1,0.0,0.0,0.4,2.3,0.6,8.4,1.4,2.3,8.5,3.7,7.6,11.0,0.5,0.4,0.4,0.5,1.1,1.4,0.7,0.6,0.8,0.3,0.4,0.7,2.1,7.9,0.5,0.7,0.5,1.2,3.9,1.2,2.3,0.0,3.5,9.2,13.5,0.8,0.7,2.2,1.2,0.8,1.0,6.6,1.0,1.4,3.8,31.4,86.1,83.9,8.4,7.3,36.5,20.5,2.2,3.7,28.1,3.4,31.4,65.4,65.1,4.8,2.7,90.7,91.9,61.4,78.3,97.0,95.3,65.3,95.5,67.2,30.8,83.1,77.8,72.0,76.0,64.8,64.4,64.6,63.2,61.9,64.4,62.2,60.1,69.7,61.4,71.0,61.4,73.5,64.8,63.2,66.5,77.0,73.4,74.9,78.1,73.0,10.011,8.095,10.008,42.250,5.629,9.3,26.4,24.9,43.0,42.0,83.7,53.5,54.2,37,37,86.0,100.0,0.0,0.0,0.0,76.4,0.0,58.7,78.0,66.0,87.0,0.0,0.0,0.0,0.0,22.1,0.0,0.2,0.0,0.0,0.0,
3.11.2025,19:16:23.880,2.1,5.9,4.1,5.5,7.9,0.6,0.6,0.7,0.5,1.5,1.5,0.8,0.7,0.6,1.1,0.7,2.3,4.7,3.3,0.1,0.5,1.5,1.4,2.4,1.1,7.9,2.1,2.3,7.3,5.7,8.1,9.5,0.4,0.4,0.5,0.3,1.7,1.4,0.6,0.6,0.5,1.0,0.5,0.8,7.0,3.8,0.9,0.3,0.6,0.6,2.9,0.9,2.3,0.1,3.5,9.6,13.0,0.7,0.7,2.6,1.1,1.2,1.1,7.1,0.9,1.2,3.1,28.2,84.6,82.1,6.3,7.3,21.4,12.1,3.6,6.1,27.9,2.6,25.0,59.8,68.2,5.9,4.9,92.9,91.9,76.0,86.8,95.1,92.9,65.0,96.5,73.9,37.1,81.5,76.9,72.9,76.0,64.2,64.0,64.0,62.5,61.4,63.4,61.6,59.9,69.2,61.0,70.3,60.9,72.5,64.2,62.6,65.9,77.8,73.3,74.5,78.0,73.0,9.558,7.399,9.556,42.750,5.522,8.8,26.7,23.4,39.3,41.9,82.7,53.5,54.2,37,37,86.0,100.0,0.0,0.1,0.1,75.6,0.0,58.6,78.0,65.9,87.0,3.0,2.0,0.0,0.0,21.9,0.1,0.3,0.0,0.0,0.0,
3.11.2025,19:16:25.879,3.3,11.3,8.4,18.6,10.7,1.3,0.9,0.7,0.5,3.3,3.1,1.8,1.4,1.0,1.0,0.3,0.8,2.7,3.8,1.0,1.1,0.6,0.3,3.1,1.0,18.6,3.3,4.5,16.2,12.3,29.5,15.5,1.6,1.1,0.8,0.5,4.4,3.6,2.1,1.6,0.3,0.3,0.4,1.1,3.9,5.5,0.3,0.4,0.7,0.3,4.5,1.2,4.5,0.0,5.9,18.0,27.5,2.1,1.1,6.3,3.1,0.5,1.1,5.8,0.6,1.0,4.1,37.3,77.5,72.1,29.3,10.8,65.0,55.1,1.7,3.0,32.1,2.4,23.9,74.8,56.8,4.5,0.4,68.6,88.0,28.7,41.7,97.8,95.9,62.0,97.0,75.1,21.1,80.8,78.0,72.0,77.0,65.7,65.6,66.1,64.4,62.2,66.8,63.4,59.9,70.0,61.2,72.1,61.1,75.8,65.0,63.4,66.6,78.2,74.0,74.9,78.0,73.0,12.899,8.180,12.891,36.750,5.646,11.9,23.0,28.5,37.6,41.9,83.8,53.5,54.2,37,37,86.0,100.0,0.0,0.1,0.1,76.5,0.0,58.7,78.0,66.0,87.0,0.0,2.0,0.0,0.0,21.8,0.1,0.2,0.0,0.0,0.0,
3.11.2025,19:16:27.869,2.3,7.7,4.9,5.9,13.0,0.7,0.9,0.6,0.8,1.0,0.9,0.6,0.6,0.6,0.5,0.8,0.8,2.7,3.7,0.5,1.3,1.5,1.5,3.5,0.9,13.0,2.3,3.2,10.8,7.5,9.2,18.0,0.7,1.1,0.6,1.1,1.2,0.9,0.6,0.6,0.7,0.5,1.0,1.1,3.7,4.9,0.6,1.8,2.1,2.0,5.0,0.9,3.2,0.0,4.0,10.0,15.8,1.3,1.3,1.9,1.0,0.9,1.2,5.8,1.6,2.1,4.4,27.8,85.9,79.7,8.3,7.4,21.0,9.0,3.3,6.2,26.6,6.8,17.9,61.5,68.3,4.2,4.5,90.4,91.3,77.1,90.0,95.8,92.5,67.6,91.6,79.9,34.1,80.4,77.9,71.1,71.0,64.3,64.2,64.4,62.5,61.2,63.1,61.4,59.6,69.6,60.6,70.8,60.7,73.0,64.3,62.6,66.0,75.8,72.4,74.5,78.0,73.0,9.777,8.392,9.785,49.500,5.667,9.1,30.9,25.1,37.4,41.8,83.8,53.5,54.2,37,37,86.0,100.0,0.0,0.1,0.1,76.2,0.0,58.4,78.0,65.8,87.0,0.0,1.0,0.0,0.0,21.8,0.0,0.0,0.0,0.0,0.0,
3.11.2025,19:16:29.874,4.2,10.7,16.2,9.8,20.1,1.4,2.4,1.0,0.8,5.2,2.5,2.0,1.3,0.9,0.7,0.8,0.8,4.0,6.9,2.5,1.8,2.1,2.0,2.9,1.5,20.1,4.2,5.9,16.0,26.1,15.6,30.4,1.7,3.4,0.9,0.7,7.6,3.1,2.5,1.3,0.9,0.5,0.6,0.6,5.5,9.5,3.3,2.2,2.7,2.7,3.6,1.4,5.9,0.0,7.7,25.8,29.1,3.3,1.2,7.1,2.8,1.2,1.0,9.6,3.5,3.5,3.9,30.8,72.4,69.0,10.9,9.0,40.2,18.0,4.9,6.6,36.0,5.8,12.8,83.7,61.6,1.8,1.9,85.7,89.8,52.6,79.2,93.9,92.5,54.4,90.7,83.7,12.4,82.9,79.7,73.4,80.9,65.7,67.3,67.3,63.6,61.6,65.7,62.1,59.8,70.1,61.5,72.7,60.9,76.0,64.7,62.9,66.4,79.2,74.1,74.5,78.0,72.8,13.371,8.445,13.348,49.750,5.685,12.4,31.1,29.2,36.4,41.8,85.7,53.5,54.2,37,37,86.0,100.0,0.0,0.1,0.1,76.3,0.0,58.4,78.0,65.7,87.0,0.0,1.0,0.0,0.0,21.8,0.0,0.0,0.0,0.0,0.0,
3.11.2025,19:16:31.892,3.2,11.6,7.0,9.7,12.0,2.7,1.3,1.3,1.3,3.0,4.5,2.2,2.1,0.6,0.5,0.8,0.8,2.3,5.5,0.9,0.8,1.0,1.1,3.0,1.2,12.0,3.2,4.5,17.1,10.9,15.2,16.4,3.8,1.6,1.6,1.7,4.2,6.4,2.9,2.8,0.7,0.6,0.8,0.8,3.1,7.7,1.1,0.9,1.1,1.4,4.1,1.3,4.5,0.0,5.9,17.0,21.1,3.6,2.2,7.1,3.9,0.9,1.3,6.9,1.2,2.0,4.1,33.7,78.1,77.8,23.1,11.1,40.2,28.9,4.0,9.7,31.4,6.1,31.5,62.3,60.4,4.9,1.1,73.3,86.7,52.7,67.2,95.1,89.0,61.7,92.7,66.5,33.6,82.0,78.1,73.4,79.9,65.2,64.8,65.1,63.8,61.9,65.5,62.5,59.7,70.2,61.1,71.7,61.0,74.6,64.6,62.9,66.3,77.8,73.8,74.6,78.0,72.6,12.004,8.189,12.002,47.250,5.644,11.1,29.5,27.4,37.0,41.8,84.0,53.5,54.2,37,37,86.0,100.0,0.0,0.2,0.2,76.2,0.0,58.4,78.0,65.7,87.0,0.0,2.0,0.0,0.0,22.0,0.3,1.0,0.0,0.0,0.0,
3.11.2025,19:16:33.894,3.4,10.0,6.1,16.2,12.0,1.6,1.0,1.4,1.0,4.9,3.2,1.6,2.2,0.2,0.0,0.4,0.3,5.7,7.9,0.3,0.2,0.3,1.1,2.9,1.3,16.2,3.4,5.3,14.6,9.1,26.2,18.6,2.3,1.6,2.2,1.8,6.9,4.5,2.3,3.3,0.7,0.6,0.9,0.9,7.8,11.9,0.8,0.7,1.9,2.1,4.3,2.0,5.3,0.0,7.1,15.8,28.2,3.2,2.7,8.2,4.5,1.0,1.3,12.1,1.2,2.7,4.5,43.5,82.3,71.8,46.7,29.7,61.2,59.8,4.5,10.9,37.2,5.8,34.2,78.1,49.4,1.9,0.1,50.2,67.6,30.5,35.7,94.6,87.8,50.7,93.0,63.0,17.4,81.4,78.7,71.5,76.0,66.3,65.0,66.1,64.9,62.9,66.9,63.7,60.3,71.2,62.5,73.0,61.9,76.6,65.3,63.4,67.2,78.0,73.2,75.0,78.0,72.7,13.847,8.899,13.876,50.250,5.754,12.8,31.4,30.5,38.4,41.8,84.7,53.5,54.2,37,37,86.0,100.0,0.0,0.5,0.5,77.0,0.0,58.5,78.0,65.7,87.0,1.0,3.0,0.0,0.0,22.0,0.1,0.3,0.0,0.0,0.0,
3.11.2025,19:16:35.895,3.5,8.6,8.2,21.2,10.2,2.2,1.0,1.1,0.8,3.1,4.2,2.5,1.8,0.6,1.1,0.7,1.0,3.0,3.5,0.7,1.5,1.9,0.6,2.6,1.0,21.2,3.5,4.7,11.8,12.1,33.9,15.1,2.6,1.1,1.1,0.8,3.8,5.3,3.0,1.9,0.7,0.3,0.7,1.2,4.5,4.5,0.7,2.1,1.4,0.6,3.5,1.0,4.7,0.0,6.5,16.1,30.8,3.0,1.7,7.3,4.2,0.8,1.4,6.0,2.0,1.7,3.6,42.6,81.9,68.1,55.0,30.3,61.8,59.7,3.6,7.4,33.2,7.2,25.9,76.4,50.9,2.0,1.1,41.9,68.0,30.8,36.1,95.6,91.1,60.7,90.8,72.5,20.0,80.9,78.6,74.8,74.0,66.0,65.1,66.2,65.1,62.6,66.9,63.6,59.9,70.7,61.2,72.8,61.2,76.2,65.1,63.2,66.9,78.5,73.6,74.8,78.0,72.5,13.973,8.744,13.957,43.250,5.735,12.9,27.0,30.5,38.7,41.7,84.6,53.5,54.2,37,37,86.0,100.0,0.0,0.1,0.1,77.0,0.0,58.4,78.0,65.8,87.0,1.0,2.0,0.0,0.0,22.0,0.0,0.2,0.0,0.0,0.0,
3.11.2025,19:16:37.892,3.6,9.5,8.1,23.1,12.6,2.0,0.9,1.3,0.8,3.9,3.2,2.5,2.4,0.4,0.4,0.6,0.5,1.4,5.6,0.7,0.6,0.5,0.6,2.8,1.1,23.1,3.6,4.9,13.1,11.1,37.1,19.2,2.2,0.9,1.4,0.9,4.6,3.4,3.0,2.5,0.3,0.4,0.6,0.5,1.8,8.0,0.9,0.6,0.4,0.6,3.7,1.1,4.9,0.0,7.0,17.0,35.5,3.0,2.0,7.3,5.1,0.7,0.9,6.6,1.2,1.0,3.8,46.0,81.3,63.9,66.6,42.4,70.0,69.9,3.8,5.6,39.3,3.9,34.5,71.3,47.0,1.7,0.6,30.4,55.6,22.7,25.1,95.6,93.5,54.2,94.9,64.5,24.8,80.4,78.6,72.4,76.0,66.4,65.5,67.0,66.0,63.4,67.8,64.3,60.2,70.6,61.8,72.6,61.6,76.2,65.4,63.7,67.1,77.5,72.9,75.1,78.0,72.4,14.851,8.783,14.865,46.750,5.744,13.8,29.2,31.6,40.1,41.7,84.5,53.5,54.2,37,37,86.0,100.0,0.0,0.1,0.1,77.2,0.0,58.3,78.0,65.6,87.0,1.0,1.0,0.0,0.0,22.0,0.0,0.1,0.0,0.0,0.0,
3.11.2025,19:16:39.894,4.1,11.2,7.4,12.9,13.2,2.3,2.7,2.5,1.8,4.9,3.3,3.8,2.8,1.7,1.7,1.1,2.2,3.8,4.0,1.7,1.3,2.9,2.2,4.6,2.3,13.2,4.1,5.7,15.9,10.5,20.5,19.1,2.8,3.6,3.4,2.3,6.4,4.1,5.0,3.7,2.2,2.2,1.3,2.9,5.5,5.2,2.2,1.6,4.1,3.1,6.5,2.9,5.7,0.0,7.5,17.3,25.1,4.6,3.6,7.5,5.9,2.8,2.8,6.8,2.5,4.6,6.3,39.0,81.4,73.0,43.2,22.0,47.9,43.0,6.3,10.2,27.9,5.2,38.8,69.3,53.5,1.3,1.9,52.2,74.3,44.5,51.1,90.8,87.0,65.3,92.3,56.7,24.4,81.8,78.8,73.4,81.4,65.4,64.6,65.2,64.3,62.2,65.7,63.0,59.9,70.6,61.0,71.9,61.5,74.9,64.5,62.7,66.3,78.0,73.9,74.4,78.0,72.2,13.138,8.668,13.119,64.000,5.717,12.1,40.0,29.2,39.2,41.7,84.7,53.5,54.2,37,37,86.0,100.0,0.0,0.4,0.4,76.4,0.0,58.4,78.0,65.7,87.0,0.0,2.0,0.0,0.0,22.3,0.1,0.3,0.0,0.0,0.0,
3.11.2025,19:16:41.890,2.7,8.6,6.6,11.4,10.1,1.5,0.9,1.4,0.9,2.7,2.4,2.0,1.3,0.0,0.3,0.6,0.8,4.2,2.9,0.9,0.7,0.6,0.5,2.7,1.0,11.4,2.7,3.7,12.1,9.3,17.8,13.6,1.6,0.9,1.6,0.9,3.2,2.7,2.4,1.4,0.4,0.3,0.6,0.9,6.5,3.6,1.1,1.9,0.6,0.5,3.5,1.0,3.7,0.0,5.4,14.8,21.5,2.4,2.1,5.2,3.4,0.6,1.2,6.4,2.2,1.1,3.5,39.8,80.5,75.9,43.7,26.6,53.5,45.1,2.6,8.9,32.0,5.1,48.6,54.8,54.9,4.7,2.6,53.9,71.3,41.3,51.5,96.8,89.9,61.6,92.7,50.2,41.7,81.0,78.5,72.0,74.0,65.3,64.8,65.1,64.4,62.4,65.8,63.0,59.8,70.3,61.3,71.5,61.4,73.9,64.8,63.1,66.6,78.2,73.5,74.6,78.0,72.2,12.455,8.779,12.473,48.500,5.734,11.5,30.3,28.8,39.9,41.7,84.4,53.5,54.2,37,37,86.0,100.0,0.0,0.1,0.1,76.7,0.0,58.2,78.0,65.5,87.0,0.0,0.0,0.0,0.0,22.2,0.0,0.1,0.0,0.0,0.0,
3.11.2025,19:16:43.885,2.1,6.1,5.9,4.3,9.2,1.0,0.7,0.6,0.5,2.4,1.6,1.4,0.9,1.2,0.0,0.0,1.5,3.4,4.4,0.5,1.2,0.0,0.5,2.2,0.9,9.2,2.1,2.6,7.8,7.5,5.9,11.9,1.0,0.7,0.5,0.4,3.0,1.7,1.4,0.9,0.4,0.9,0.5,1.5,4.8,5.9,0.4,0.3,0.4,0.4,4.0,0.9,2.6,0.0,4.1,11.5,13.6,1.5,0.9,4.0,2.1,1.0,1.7,7.3,0.7,0.8,3.8,37.7,85.5,86.4,37.7,12.6,45.6,40.6,2.5,4.0,41.2,3.7,16.6,75.7,58.3,3.0,0.0,60.8,86.5,50.4,57.4,96.5,94.3,51.5,95.7,82.6,20.4,80.1,77.6,72.0,76.0,64.5,63.9,63.9,63.4,61.4,64.5,62.1,59.5,69.4,61.0,70.7,60.4,73.8,64.2,62.5,65.9,76.5,72.2,74.1,78.0,72.0,11.018,8.476,11.020,41.000,5.688,10.2,25.6,26.7,38.5,41.7,83.4,53.5,54.2,37,37,86.0,100.0,0.0,0.0,0.0,76.2,0.0,58.3,78.0,65.4,87.0,4.0,3.0,0.0,0.0,22.0,0.1,0.4,0.0,0.0,0.0,
3.11.2025,19:16:45.895,5.5,13.6,18.0,24.7,18.4,3.6,2.5,2.5,1.4,6.4,8.2,4.3,4.3,0.7,0.9,2.0,1.0,3.9,6.6,0.8,0.9,1.7,0.8,3.6,1.6,24.7,5.5,7.8,20.1,26.7,39.8,29.1,4.2,3.0,3.0,1.5,8.4,10.9,6.8,5.2,0.5,1.0,1.4,1.0,5.7,9.5,0.8,0.9,0.9,0.7,3.7,1.7,7.8,0.0,10.4,29.8,42.5,5.9,3.7,14.5,9.3,1.1,1.9,9.0,1.3,1.4,4.2,51.6,70.2,57.5,84.6,53.1,84.2,87.8,5.5,8.6,40.1,8.3,37.3,82.2,38.0,0.0,0.0,9.5,43.2,1.2,2.9,93.3,89.5,50.9,90.4,61.3,13.6,81.9,79.7,74.4,76.5,67.6,67.4,67.9,67.5,64.1,70.2,65.6,60.2,71.5,62.3,74.0,61.8,78.3,65.6,63.8,67.5,78.5,73.9,75.0,78.0,72.0,18.037,8.912,18.016,50.750,5.773,16.7,31.7,35.3,39.3,41.7,85.7,53.5,54.2,37,37,86.0,100.0,0.0,0.4,0.4,77.2,0.0,58.2,78.0,65.5,87.0,6.0,3.0,0.0,0.0,21.8,0.5,2.2,0.0,0.0,0.0,
3.11.2025,19:16:47.894,4.1,12.3,13.1,5.1,15.3,2.0,4.0,1.4,3.3,6.4,3.5,4.2,3.5,1.2,0.3,0.8,2.5,4.3,6.5,0.6,0.6,0.5,0.5,5.5,1.4,15.3,4.1,6.3,17.9,18.6,8.1,21.8,3.2,6.5,2.5,5.6,9.9,4.7,5.2,5.8,1.9,1.1,1.6,4.3,6.1,10.1,1.4,1.4,1.2,1.1,8.7,2.5,6.3,0.0,8.9,25.0,21.0,7.0,5.4,11.1,8.1,2.4,4.0,11.0,2.1,2.0,7.2,49.2,75.0,77.6,68.6,27.2,77.7,73.6,8.1,10.4,45.3,9.1,40.8,77.3,41.9,0.0,1.4,24.4,67.3,11.2,18.3,89.6,85.6,43.7,88.8,57.2,15.5,82.5,79.3,71.1,77.5,66.9,66.3,65.7,66.4,63.2,68.4,64.5,60.6,72.0,62.6,73.7,62.1,77.6,65.6,63.6,67.6,78.2,73.8,75.1,78.0,72.1,15.153,8.930,15.165,64.250,5.757,14.0,40.2,31.7,41.6,41.7,85.3,53.5,54.2,37,37,86.0,100.0,0.0,0.3,0.3,77.0,0.0,58.3,78.0,65.7,87.0,1.0,2.0,0.0,0.0,21.9,0.1,0.3,0.0,0.0,0.0,
3.11.2025,19:16:49.891,2.8,8.8,8.2,5.3,11.3,1.8,1.5,1.2,1.9,3.0,4.3,2.3,1.8,0.0,0.5,0.0,0.8,0.7,7.8,0.0,0.8,0.7,0.0,2.4,2.7,11.3,2.8,3.7,11.2,10.4,7.4,15.5,1.8,1.7,1.1,2.4,3.8,5.0,2.7,1.9,0.4,0.4,0.5,0.6,1.5,9.3,0.8,0.8,0.5,0.7,4.1,3.6,3.7,0.0,5.6,15.6,16.5,3.1,2.7,6.8,4.0,0.7,1.1,8.4,1.2,1.1,5.5,43.7,83.3,83.4,51.5,24.3,62.9,61.3,2.6,5.9,35.3,5.0,34.5,74.3,50.8,1.1,0.1,45.4,73.0,30.3,34.7,96.7,93.0,56.2,93.8,64.4,20.2,81.8,78.1,72.0,72.0,65.6,64.8,64.6,64.8,62.3,66.5,63.2,60.0,70.1,61.7,72.1,61.4,75.6,64.9,63.1,66.7,76.8,72.7,74.6,78.0,72.1,12.735,8.493,12.741,49.250,5.690,11.8,30.8,28.5,41.1,41.7,84.0,53.5,54.2,37,37,86.0,100.0,0.0,0.2,0.2,76.5,0.0,58.3,78.0,65.6,87.0,0.0,1.0,0.0,0.0,21.6,0.1,0.4,0.0,0.0,0.0,
3.11.2025,19:16:51.903,2.5,6.1,6.3,3.1,11.3,1.0,1.0,0.8,0.8,1.2,3.1,1.2,1.7,1.3,1.3,2.2,0.6,3.6,3.3,2.1,0.5,0.0,1.3,4.3,1.3,11.3,2.5,2.6,7.5,8.1,4.3,14.8,0.9,0.9,0.7,0.6,1.2,3.2,1.1,2.0,0.4,0.4,0.6,0.5,4.0,4.0,0.4,0.3,0.5,0.4,4.7,1.2,2.6,0.0,4.0,11.4,14.2,1.7,1.2,4.0,2.6,0.7,0.9,5.6,0.7,0.9,4.6,34.7,87.0,83.2,27.7,9.4,40.2,34.4,4.0,4.9,32.0,2.3,19.7,72.2,61.2,1.6,2.6,70.6,89.4,55.8,63.0,95.3,94.2,62.4,97.0,79.5,23.2,80.6,77.5,71.1,73.0,64.5,63.9,63.8,63.3,61.3,64.4,62.1,59.6,69.2,60.8,70.8,60.7,73.8,64.3,62.5,66.1,76.5,72.4,74.3,77.9,72.0,10.817,8.334,10.820,42.750,5.665,10.0,26.7,26.3,39.4,41.6,83.3,53.5,54.2,37,37,86.0,100.0,0.0,0.1,0.1,76.0,0.0,58.2,78.0,65.4,87.0,1.0,2.0,0.0,0.0,21.6,0.2,0.7,0.0,0.0,0.0,
3.11.2025,19:16:53.901,2.0,5.9,9.1,2.5,11.8,0.8,0.4,0.0,0.4,0.9,3.2,0.6,1.1,0.5,0.0,0.2,0.0,2.5,4.1,0.0,0.7,0.8,0.5,1.9,0.7,11.8,2.0,3.2,8.4,12.3,4.4,16.6,1.4,1.0,0.6,1.1,1.9,4.2,1.4,1.9,0.3,0.3,0.8,1.8,4.3,6.0,0.4,1.7,0.6,1.5,3.3,1.5,3.2,0.0,4.9,15.1,15.1,2.3,1.4,5.4,2.8,0.6,1.9,7.1,1.5,1.8,3.5,40.9,83.7,83.8,45.7,9.6,57.5,54.6,2.3,4.5,33.7,5.4,47.7,61.8,54.3,1.2,1.1,52.0,89.0,37.1,42.6,97.1,93.5,59.2,93.1,50.4,34.7,80.1,77.8,72.0,71.1,65.0,64.4,64.3,64.1,61.6,65.6,62.7,59.7,69.8,61.3,71.2,61.4,73.9,64.6,62.7,66.4,76.5,72.3,74.3,77.8,72.0,12.176,8.387,12.171,55.500,5.676,11.3,34.7,27.9,38.6,41.6,83.6,53.5,54.2,37,37,86.0,100.0,0.0,0.1,0.1,76.3,0.0,58.1,78.0,65.3,87.0,1.0,2.0,0.0,0.0,21.4,0.1,0.6,0.0,0.0,0.0,
3.11.2025,19:16:55.905,2.8,7.1,8.3,3.2,12.5,1.6,1.4,1.1,1.1,1.5,3.1,1.3,1.8,2.3,1.9,1.0,1.8,3.7,3.0,1.0,1.5,1.1,0.9,3.0,1.9,12.5,2.8,2.8,8.6,10.2,3.8,16.0,1.0,0.9,0.5,0.6,1.0,2.8,0.8,1.3,2.5,2.0,0.4,0.4,4.4,2.9,0.4,1.2,0.5,0.3,3.3,1.6,2.8,0.0,4.3,13.8,14.6,1.7,0.9,3.5,2.0,2.9,0.8,5.3,1.2,0.9,3.8,36.2,84.3,84.6,28.3,5.1,43.1,33.8,2.4,2.8,31.2,2.5,46.3,70.0,59.5,1.9,0.8,70.0,93.9,53.4,64.3,94.8,96.4,63.5,96.3,52.8,26.1,79.5,77.4,72.9,77.0,64.4,64.0,63.9,63.1,61.1,64.3,61.8,59.8,68.9,60.7,70.5,61.0,73.5,64.2,62.4,66.0,77.0,72.6,74.1,77.6,72.0,11.280,8.507,11.265,40.500,5.687,10.4,25.3,27.1,37.8,41.6,83.2,53.5,54.2,37,37,86.0,100.0,0.0,0.1,0.1,76.0,0.0,58.1,78.0,65.2,87.0,4.0,4.0,0.0,0.0,21.4,0.2,0.7,0.0,0.0,0.0,
3.11.2025,19:16:57.900,1.9,6.3,6.2,1.8,10.6,0.7,0.5,0.3,0.4,1.5,2.4,0.6,0.9,0.2,0.6,0.9,0.4,3.0,4.6,0.0,0.5,0.5,0.0,2.2,0.8,10.6,1.9,2.7,8.6,8.1,2.8,14.0,0.9,0.7,0.5,0.5,2.1,2.9,0.7,1.1,0.3,0.7,1.4,0.6,3.8,7.3,0.7,0.7,0.7,0.4,3.2,1.1,2.7,0.0,4.1,12.4,12.8,1.6,0.9,4.3,1.9,1.0,1.3,7.3,1.2,1.1,3.5,36.8,85.4,86.6,25.1,10.4,44.5,33.1,2.4,3.8,36.2,6.7,33.0,73.8,59.1,2.2,0.6,73.3,88.7,51.3,65.1,96.5,94.8,56.5,92.1,65.9,22.8,79.0,77.4,70.6,72.5,64.4,63.7,63.5,62.9,61.1,64.3,61.7,59.5,69.3,60.9,70.8,60.8,73.7,64.1,62.3,66.0,76.8,72.4,74.0,77.5,72.0,11.051,8.507,11.069,45.500,5.686,10.2,28.4,26.8,37.2,41.5,83.2,53.5,54.2,37,37,86.0,100.0,0.0,0.3,0.3,76.0,0.0,58.0,78.0,65.2,87.0,0.0,2.0,0.0,0.0,21.4,0.1,0.3,0.0,0.0,0.0,
3.11.2025,19:16:59.909,4.8,12.9,17.9,15.2,17.1,2.1,1.9,2.9,0.9,5.3,6.1,2.7,2.6,2.2,0.0,1.7,0.7,7.5,4.5,2.4,0.8,1.1,2.0,3.5,2.0,17.9,4.8,6.8,19.5,27.1,24.6,25.5,2.3,2.2,4.2,0.8,7.7,8.4,3.3,3.1,3.0,0.6,2.0,0.6,10.6,6.0,2.0,0.6,1.1,1.3,4.5,2.3,6.8,0.0,9.0,29.4,31.2,3.5,3.4,11.2,5.1,2.5,1.9,10.7,1.9,2.0,5.0,42.0,69.5,68.2,49.8,12.6,68.6,63.2,6.0,8.3,56.1,8.0,39.1,55.0,49.0,1.1,0.6,46.7,84.0,20.2,31.8,91.6,89.8,33.2,90.1,58.9,40.0,81.9,79.2,70.1,71.6,66.2,67.4,67.7,65.1,62.5,68.0,63.5,60.3,70.3,62.3,71.6,61.5,74.0,64.9,63.1,66.7,77.8,73.2,74.4,77.4,72.0,15.434,8.879,15.434,48.000,5.749,14.3,30.0,32.1,37.7,41.5,85.1,53.5,54.2,37,37,86.0,100.0,0.0,0.1,0.1,76.5,0.0,58.0,78.0,65.3,87.0,0.0,0.0,0.0,0.0,21.4,0.0,0.1,0.0,0.0,0.0,
3.11.2025,19:17:1.905,1.7,5.0,5.0,3.7,10.1,0.3,0.3,0.0,0.2,0.7,1.8,0.4,1.2,0.0,0.0,0.2,0.5,4.0,3.1,0.0,0.1,0.2,0.4,3.2,0.6,10.1,1.7,2.8,6.6,6.8,6.2,13.5,0.6,0.8,1.2,0.5,1.3,2.7,0.9,2.0,0.8,0.3,0.6,1.1,6.0,5.0,0.4,1.7,0.5,0.8,5.0,1.1,2.8,0.0,4.1,10.3,14.3,1.3,1.3,3.2,2.3,0.9,1.2,7.1,1.6,1.3,4.4,34.4,85.1,84.8,23.7,9.2,35.4,27.9,4.6,5.0,22.4,6.1,40.2,68.3,61.5,4.6,0.9,75.0,89.5,61.4,69.8,94.5,93.9,70.5,92.3,58.5,27.3,80.6,77.1,71.5,75.5,64.0,63.3,63.5,62.5,60.9,63.5,61.5,59.4,68.7,60.6,70.2,60.8,72.8,63.9,62.1,65.7,77.5,72.8,73.8,77.2,72.0,10.445,8.306,10.443,51.500,5.654,9.7,32.2,25.8,37.7,41.5,83.0,53.5,54.2,37,37,86.0,100.0,0.0,0.3,0.3,75.7,0.0,58.0,78.0,65.3,87.0,0.0,2.0,0.0,0.0,21.4,0.2,0.7,0.0,0.0,0.0,
3.11.2025,19:17:3.901,2.4,7.5,5.2,3.7,10.3,1.0,1.1,1.8,1.6,1.5,2.3,1.1,1.3,1.4,1.3,0.8,0.8,3.2,3.4,1.5,2.2,0.7,0.6,2.6,1.3,10.3,2.4,2.5,9.7,6.2,5.2,13.0,0.8,0.8,0.7,1.8,1.5,2.3,0.8,1.2,0.3,0.3,0.4,0.5,3.6,4.5,0.4,1.7,0.4,0.3,3.0,1.1,2.5,0.0,3.7,11.5,12.6,1.4,1.8,3.2,1.8,0.5,0.9,5.5,1.5,0.8,3.3,31.6,83.3,86.7,17.8,8.7,33.5,22.1,2.4,3.3,27.1,3.2,20.2,70.7,64.7,5.2,0.7,80.8,89.5,63.3,76.1,97.1,95.8,67.4,95.3,79.0,26.0,79.8,77.0,70.6,72.5,63.7,63.3,63.2,62.2,60.9,63.2,61.2,59.1,68.5,60.2,70.1,60.2,72.8,63.7,62.0,65.5,74.8,70.8,73.7,77.1,72.0,9.927,8.094,9.930,41.000,5.625,9.2,25.6,24.9,36.9,41.4,82.8,53.5,54.2,37,37,86.0,100.0,0.0,0.1,0.1,75.5,0.0,57.9,78.0,65.1,87.0,0.0,2.0,0.0,0.0,21.4,0.1,0.2,0.0,0.0,0.0,
3.11.2025,19:17:5.906,1.6,5.2,3.8,1.8,10.8,0.7,0.7,0.5,0.4,0.7,1.7,0.6,0.6,0.0,0.0,0.4,0.0,4.5,1.5,0.3,0.6,0.0,0.0,2.0,1.4,10.8,1.6,2.2,6.5,5.0,2.6,14.4,0.7,0.8,0.5,0.4,0.8,1.9,0.6,0.7,0.3,1.0,0.4,0.4,7.7,2.0,0.3,0.8,0.5,0.3,2.7,1.7,2.2,0.0,3.4,8.7,12.7,1.4,1.0,2.6,1.3,1.0,0.7,6.5,0.9,0.8,3.4,30.7,87.6,85.4,12.9,7.3,27.4,20.2,2.3,3.3,24.4,2.5,20.8,74.6,65.9,3.7,1.9,85.7,91.7,70.0,78.6,96.6,96.0,69.1,96.7,78.4,22.0,78.8,76.0,69.8,72.0,63.2,62.6,62.8,61.6,60.4,62.4,60.8,58.8,67.7,59.9,69.2,59.8,72.1,63.2,61.6,64.8,75.0,71.2,73.4,77.0,72.0,9.520,7.429,9.523,39.500,5.528,8.8,24.7,23.5,35.1,41.4,81.7,53.5,54.2,37,37,86.0,100.0,0.0,0.1,0.1,74.6,0.0,57.7,78.0,65.0,87.0,0.0,1.0,0.0,0.0,21.4,0.0,0.1,0.0,0.0,0.0,
3.11.2025,19:17:7.907,2.0,5.7,7.6,1.5,8.5,0.4,0.4,0.2,0.3,1.4,1.4,0.7,0.8,1.6,1.5,0.3,1.9,4.3,2.7,0.2,0.1,1.7,0.8,2.6,0.7,8.5,2.0,2.5,7.8,10.1,2.4,10.9,0.7,0.7,0.5,0.6,2.3,1.9,1.0,1.3,0.3,0.3,0.8,0.8,5.2,4.4,0.5,0.4,0.5,0.3,4.2,1.2,2.5,0.0,3.8,13.2,10.6,1.3,1.0,3.6,2.1,0.5,1.2,6.5,0.7,0.9,4.0,34.4,84.6,85.8,23.6,7.4,43.1,35.8,4.4,3.9,29.0,4.3,26.3,64.3,61.8,2.2,3.5,75.1,91.6,53.3,62.1,95.0,94.9,64.5,94.9,72.8,31.7,78.1,76.0,70.6,71.5,63.2,63.0,62.5,62.0,60.4,63.2,61.1,58.7,67.8,59.9,69.0,59.9,71.5,63.2,61.5,64.8,77.2,72.8,73.1,77.0,72.0,10.270,7.648,10.256,39.250,5.556,9.5,24.5,24.6,33.7,41.3,81.7,53.5,54.2,37,37,86.0,100.0,0.0,0.1,0.1,74.6,0.0,57.7,78.0,65.0,87.0,1.0,1.0,0.0,0.0,21.5,0.1,0.5,0.0,0.0,0.0,
3.11.2025,19:17:9.903,2.2,6.1,6.1,2.1,12.7,1.0,1.0,0.9,0.8,1.6,3.0,1.1,1.5,0.5,1.0,0.5,1.1,3.2,3.8,0.4,0.5,0.0,0.4,2.9,1.1,12.7,2.2,2.8,7.5,8.1,3.0,17.1,0.9,0.9,0.8,0.7,1.8,3.4,1.0,1.5,1.7,0.8,0.4,1.3,3.7,5.5,0.3,0.3,0.6,0.3,4.0,1.1,2.8,0.0,4.3,11.4,14.7,1.7,1.4,4.4,2.4,1.9,1.3,6.4,0.6,1.0,3.8,36.4,85.4,82.6,32.2,13.3,40.1,34.6,3.2,4.7,30.5,3.6,44.3,62.1,59.4,3.3,2.7,66.1,85.3,55.5,63.0,94.9,94.0,63.1,95.8,54.7,34.1,77.8,76.8,70.6,75.0,63.6,63.0,63.3,62.4,60.7,63.5,61.4,59.0,68.2,60.2,69.4,60.4,71.8,63.5,61.7,65.2,77.2,72.7,73.3,77.0,72.0,10.984,8.361,10.991,46.500,5.662,10.2,29.1,26.6,34.3,41.3,82.6,53.5,54.2,37,37,86.0,100.0,0.0,0.0,0.0,75.4,0.0,57.7,78.0,65.0,87.0,0.0,2.0,0.0,0.0,21.5,0.1,0.2,0.0,0.0,0.0,
3.11.2025,19:17:11.899,2.1,6.8,6.9,1.9,9.5,1.6,0.8,0.7,0.7,0.9,3.1,1.1,1.4,0.5,0.0,0.5,0.6,2.6,4.6,0.0,1.3,1.5,0.2,2.3,1.2,9.5,2.1,2.6,8.8,8.8,3.6,11.8,1.7,0.7,0.5,0.5,0.9,3.3,1.0,1.3,0.4,0.8,0.4,0.5,2.9,6.8,0.4,1.6,0.6,1.0,2.8,1.1,2.6,0.0,4.0,12.8,12.0,2.1,0.9,3.9,2.2,0.9,0.8,6.5,1.5,1.4,3.2,35.5,85.2,86.3,33.0,8.5,41.1,35.8,2.5,4.2,29.1,4.9,29.0,66.8,60.4,2.0,1.7,65.0,90.5,55.0,62.0,96.5,95.0,64.4,93.6,69.7,29.9,77.6,76.8,70.6,77.5,63.5,63.2,62.8,62.5,60.5,63.5,61.2,58.7,68.2,59.9,69.7,59.9,72.3,63.3,61.7,65.0,77.0,72.3,73.2,77.0,72.0,11.011,8.314,11.006,43.250,5.654,10.2,27.0,26.5,34.7,41.2,82.6,53.2,54.2,37,37,86.0,100.0,0.0,0.1,0.1,75.3,0.0,57.5,78.0,64.7,87.0,0.0,0.0,0.0,0.0,21.5,0.1,0.3,0.0,0.0,0.0,
3.11.2025,19:17:13.900,2.0,6.0,5.6,2.7,11.8,0.8,0.6,0.5,0.5,1.0,1.6,0.6,0.9,1.1,0.4,0.5,0.5,2.7,3.9,0.6,0.7,0.5,0.9,3.2,1.1,11.8,2.0,2.5,7.6,7.8,2.6,16.1,0.9,0.5,0.4,0.4,1.0,1.6,0.6,0.8,0.3,0.4,0.4,0.5,3.3,7.2,0.5,0.6,0.4,1.1,4.4,1.1,2.5,0.0,3.8,11.0,13.7,1.3,0.7,2.4,1.3,0.6,0.7,7.0,1.0,1.3,4.2,32.2,86.0,86.0,14.5,7.4,32.0,23.3,2.0,2.2,26.7,4.4,16.7,84.8,64.1,3.0,0.3,84.2,91.8,65.6,75.3,97.4,97.1,66.3,94.6,82.1,11.0,77.5,76.7,69.8,74.0,63.4,62.8,62.8,61.7,60.3,62.6,60.7,58.6,68.2,59.9,70.1,59.7,73.4,63.3,61.6,65.0,76.5,72.1,73.1,77.0,72.0,10.206,8.326,10.217,44.250,5.657,9.5,27.7,25.6,34.6,41.2,82.4,53.2,54.2,37,37,86.0,100.0,0.0,0.1,0.1,75.1,0.0,57.5,78.0,64.7,87.0,0.0,0.0,0.0,0.0,21.5,0.1,0.3,0.0,0.0,0.0,
3.11.2025,19:17:15.911,1.0,3.8,2.4,1.5,7.9,0.0,0.0,0.0,0.0,0.3,0.1,0.0,0.0,0.0,0.6,0.0,0.0,1.7,3.8,0.4,0.0,0.0,0.7,1.6,0.0,7.9,1.0,2.0,5.5,4.3,3.3,11.1,0.4,0.4,0.4,0.3,1.4,0.9,0.7,0.5,0.3,0.7,0.4,0.8,2.9,5.8,0.4,1.0,0.6,0.9,3.0,0.8,1.9,0.0,3.0,7.5,10.8,0.8,0.6,1.9,1.1,0.8,0.9,6.1,1.1,1.3,2.9,29.3,89.2,87.9,5.4,3.0,20.8,10.7,1.5,2.9,22.0,4.4,44.9,58.6,67.7,3.2,1.3,93.8,96.4,77.3,88.2,97.7,96.2,72.0,94.6,53.8,38.5,77.0,75.5,70.6,71.0,62.4,61.9,62.1,60.7,59.7,61.5,60.0,58.2,67.2,59.3,68.3,59.7,70.3,62.6,61.0,64.2,76.0,71.5,72.8,77.0,71.7,9.212,7.186,9.203,36.500,5.483,8.5,22.8,22.7,33.8,41.1,81.2,53.2,54.2,37,37,86.0,100.0,0.0,0.1,0.1,74.1,0.0,57.4,78.0,64.6,87.0,0.0,1.0,0.0,0.0,21.4,0.0,0.1,0.0,0.0,0.0,
3.11.2025,19:17:17.911,2.1,6.3,3.6,4.6,9.1,1.0,0.8,0.8,0.7,1.5,1.8,1.0,1.3,0.6,1.0,0.9,0.9,3.1,3.2,0.6,1.1,0.9,0.6,2.8,1.2,9.1,2.1,2.3,7.9,4.3,6.5,10.9,0.8,0.6,0.6,0.5,1.6,1.8,0.8,1.1,0.4,0.8,0.7,0.7,3.3,4.2,0.3,1.1,0.6,0.4,3.4,1.1,2.3,0.0,3.5,9.1,13.2,1.2,0.9,2.9,1.7,1.0,1.1,5.4,1.1,1.0,3.6,34.0,88.9,85.9,18.1,10.9,30.2,21.8,3.9,5.8,32.1,5.3,36.8,68.0,62.5,2.0,0.9,80.7,88.2,66.9,76.5,95.1,93.1,62.5,93.7,62.2,28.3,76.8,75.9,69.8,72.5,62.8,62.2,62.4,61.3,60.1,62.2,60.5,58.4,67.6,59.5,68.7,59.8,71.1,62.8,61.2,64.4,74.8,70.4,72.7,77.0,71.3,10.027,7.831,10.027,46.500,5.572,9.3,29.1,24.6,33.2,41.1,81.6,53.2,54.2,37,37,86.0,100.0,0.0,0.2,0.2,74.5,0.0,57.3,78.0,64.6,87.0,0.0,1.0,0.0,0.0,21.4,0.1,0.3,0.0,0.0,0.0,
3.11.2025,19:17:19.911,1.5,5.2,3.3,2.4,8.3,0.4,0.3,0.5,0.3,0.6,1.0,1.2,0.5,0.1,0.1,0.4,0.4,2.3,1.8,0.2,0.2,0.2,0.1,3.2,2.5,8.3,1.5,2.1,6.8,5.3,3.5,10.5,0.6,0.4,0.6,0.4,0.8,1.2,1.9,0.6,0.2,0.2,0.5,0.5,2.9,2.7,0.3,0.3,0.3,0.2,4.8,3.7,2.1,0.0,3.1,8.5,10.8,0.9,0.8,1.8,1.9,0.5,0.9,4.1,0.6,0.6,5.8,27.9,84.5,88.6,5.6,4.9,17.6,10.9,1.3,3.8,27.6,2.4,8.9,78.4,69.0,7.0,0.6,93.5,94.2,80.6,87.3,98.2,95.4,68.3,97.0,90.5,15.8,77.1,75.6,69.2,73.0,62.4,61.8,61.7,60.4,59.5,61.1,59.9,58.0,67.2,58.9,68.9,58.9,72.1,62.4,60.8,64.1,73.8,69.8,72.5,76.8,71.1,9.016,7.247,9.010,37.250,5.487,8.3,23.3,22.6,32.8,41.0,81.3,53.2,54.0,37,37,86.0,100.0,0.0,0.1,0.1,73.9,0.0,57.2,78.0,64.4,87.0,0.0,1.0,0.0,0.0,21.4,0.0,0.1,0.0,0.0,0.0,
3.11.2025,19:17:21.902,2.0,5.4,3.9,5.5,8.1,0.5,0.4,0.3,0.2,1.0,1.1,0.4,0.5,0.6,1.2,0.7,0.5,4.3,9.7,0.1,0.4,0.6,0.4,2.7,0.7,9.7,2.0,2.9,7.1,6.1,8.6,10.6,0.8,0.6,0.5,0.5,1.6,1.6,0.8,0.8,0.8,1.4,0.9,0.7,5.8,11.9,0.3,0.6,0.9,0.6,4.0,1.0,2.9,0.0,4.1,8.5,13.5,1.0,0.8,2.3,1.2,1.7,1.4,13.4,0.8,1.3,3.7,28.0,87.4,82.0,9.3,9.5,18.8,8.9,2.3,3.6,29.4,2.6,25.9,56.5,67.8,4.1,4.4,89.7,89.7,79.0,89.8,96.0,95.0,57.2,96.6,72.8,39.8,77.0,75.4,70.1,72.0,62.3,62.0,62.1,60.6,59.6,61.4,59.8,58.1,66.9,59.9,68.0,59.2,70.2,62.4,60.8,63.9,74.2,70.2,72.4,76.3,71.0,9.577,7.460,9.592,45.750,5.515,8.9,28.6,23.6,31.8,40.9,81.1,53.2,54.0,37,37,86.0,100.0,0.0,0.1,0.1,73.8,0.0,57.1,78.0,64.3,87.0,0.0,0.0,0.0,0.0,21.4,0.0,0.1,0.0,0.0,0.0,
3.11.2025,19:17:23.912,1.6,4.8,2.0,3.1,8.6,0.5,0.5,0.8,0.5,0.8,1.1,0.7,0.5,0.4,0.3,0.6,0.5,5.8,1.5,0.4,0.3,0.7,0.4,1.9,1.0,8.6,1.6,1.9,5.7,2.5,4.6,11.1,0.5,0.5,0.8,0.5,0.8,1.3,0.7,0.5,0.3,0.2,0.6,0.5,8.2,2.0,0.4,0.2,0.6,0.4,2.5,1.2,1.9,0.0,3.0,6.6,11.6,0.9,1.0,1.7,1.0,0.5,0.8,6.9,0.6,1.1,2.8,28.7,90.1,83.3,7.3,6.4,15.2,10.4,2.0,4.2,21.9,5.0,54.9,44.4,68.3,3.3,5.1,91.8,92.6,83.1,88.6,97.5,95.0,71.2,94.5,44.0,52.8,76.5,75.0,68.2,72.0,61.8,61.4,61.7,60.3,59.3,60.9,59.5,57.8,66.4,59.0,67.0,59.4,68.5,62.1,60.6,63.5,74.5,70.1,72.2,76.2,71.0,9.023,7.106,9.021,53.500,5.464,8.4,33.4,22.5,31.6,40.9,80.6,53.2,54.0,37,37,86.0,100.0,0.0,0.1,0.1,73.6,0.0,57.0,78.0,64.2,87.0,0.0,1.0,0.0,0.0,21.4,0.0,0.1,0.0,0.0,0.0,
3.11.2025,19:17:25.911,1.6,4.4,2.7,3.0,7.6,0.5,0.5,0.5,0.4,1.0,0.8,0.6,0.6,0.7,0.5,0.7,0.7,2.5,4.3,0.5,0.5,0.4,0.8,2.5,1.2,7.6,1.6,1.9,4.9,3.9,4.3,9.0,0.5,0.5,0.4,0.3,1.2,0.8,0.5,0.5,0.7,0.4,0.6,0.7,2.8,6.4,0.4,0.5,0.3,1.0,3.2,1.2,1.9,0.0,2.9,6.8,10.5,0.8,0.7,1.7,1.0,0.8,1.0,6.3,0.7,1.1,3.6,28.6,88.6,88.6,7.3,5.6,17.2,11.3,2.2,3.7,27.0,2.7,10.7,78.5,68.5,4.5,0.9,91.9,93.7,81.1,87.7,96.9,95.3,66.6,96.6,88.2,18.0,76.0,74.5,69.8,74.0,61.8,61.3,61.4,60.1,59.2,60.7,59.4,57.7,66.4,58.8,67.8,58.7,70.6,62.0,60.4,63.6,74.8,69.9,72.2,76.0,71.0,8.999,6.855,8.999,37.750,5.423,8.3,23.6,22.1,30.9,40.8,80.1,53.2,54.0,37,37,86.0,100.0,0.0,0.1,0.1,73.2,0.0,56.9,78.0,64.1,87.0,0.0,1.0,0.0,0.0,21.4,0.0,0.1,0.0,0.0,0.0,
3.11.2025,19:17:27.911,1.8,5.4,3.1,3.1,7.9,0.7,0.7,0.8,0.7,1.1,1.3,0.7,0.7,0.7,0.7,0.7,0.6,6.3,1.7,0.7,0.6,0.7,0.7,3.4,1.1,7.9,1.8,2.0,6.5,3.7,4.0,9.4,0.5,0.5,0.6,0.5,1.0,1.2,0.5,0.5,0.6,0.5,0.5,0.4,8.9,1.9,0.5,0.4,0.5,0.5,4.6,0.9,2.0,0.0,3.1,7.9,10.5,0.8,0.9,1.9,0.9,0.8,0.8,7.0,0.7,0.9,4.1,30.0,87.2,87.4,8.2,6.4,20.6,10.4,3.0,6.0,29.8,4.0,20.8,76.3,66.9,4.9,2.1,91.0,92.7,77.5,88.7,96.2,93.2,63.2,95.3,78.4,19.6,75.8,74.5,70.1,73.5,61.8,61.2,61.2,60.0,59.1,60.8,59.3,57.6,66.5,58.9,67.9,58.8,70.7,61.9,60.3,63.6,73.8,69.8,72.0,76.0,71.0,9.048,7.066,9.052,41.750,5.458,8.4,26.1,22.4,30.4,40.7,80.2,53.2,54.0,37,37,86.0,100.0,0.0,0.1,0.1,73.1,0.0,56.8,78.0,64.0,87.0,0.0,1.0,0.0,0.0,21.4,0.0,0.1,0.0,0.0,0.0,
3.11.2025,19:17:29.909,3.9,13.9,9.0,14.4,12.1,1.9,1.5,2.4,1.3,8.8,2.2,5.7,1.3,0.6,0.4,0.7,0.4,7.7,4.1,0.4,0.1,0.6,0.5,2.5,0.8,14.4,3.9,6.1,21.9,14.4,23.5,17.6,2.6,2.3,3.8,2.0,14.3,3.1,9.2,1.8,0.8,1.9,0.9,0.5,11.2,6.3,0.5,1.3,0.8,0.7,3.4,1.1,6.1,0.0,7.9,22.8,26.3,3.6,3.8,10.9,7.1,1.9,1.2,11.1,1.4,1.3,3.5,31.7,74.6,72.6,18.7,16.1,30.1,25.1,4.3,10.3,35.1,5.0,20.9,67.3,60.4,2.7,1.1,77.8,80.1,59.0,67.8,93.8,88.5,53.7,93.6,77.8,29.2,79.6,76.8,68.8,68.1,63.5,64.5,64.8,62.0,60.8,64.6,61.5,58.2,67.4,60.1,68.5,59.2,70.8,62.6,61.0,64.2,74.2,70.3,72.3,76.0,71.0,13.024,7.941,13.024,59.750,5.591,12.1,37.3,28.1,31.4,40.7,82.6,53.2,54.0,37,37,86.0,100.0,0.0,0.1,0.1,74.0,0.0,56.8,78.0,64.1,87.0,0.0,1.0,0.0,0.0,21.4,0.0,0.1,0.0,0.0,0.0,
3.11.2025,19:17:31.908,1.7,5.2,3.9,2.1,7.3,0.4,1.2,0.7,0.5,1.0,1.1,0.7,0.9,0.0,0.5,0.0,0.8,4.4,3.1,0.0,1.2,0.0,0.0,4.2,0.9,7.3,1.7,2.2,6.7,5.5,2.8,8.5,0.4,1.7,0.7,0.5,1.1,1.1,0.8,1.1,0.5,0.6,0.5,1.1,6.0,4.5,0.5,0.4,0.5,0.3,6.1,1.0,2.2,0.0,3.3,8.9,9.4,1.4,1.0,1.9,1.4,0.8,1.2,7.0,0.8,0.9,5.0,27.8,81.2,89.5,7.6,6.9,18.4,8.4,3.8,3.9,22.4,3.8,27.7,59.8,68.9,10.0,1.1,91.0,92.1,79.7,90.1,95.4,94.9,70.6,95.4,71.4,35.2,78.5,75.5,69.2,71.5,61.8,61.4,61.1,60.2,59.2,60.8,59.4,57.7,66.5,58.8,67.5,58.8,69.8,62.0,60.5,63.6,74.2,70.0,71.9,76.0,71.0,8.882,8.092,8.879,41.000,5.610,8.2,25.6,23.8,32.6,40.6,81.2,53.2,54.0,37,37,86.0,100.0,0.0,0.1,0.1,73.9,0.0,56.7,78.0,63.9,87.0,1.0,1.0,0.0,0.0,21.4,0.0,0.1,0.0,0.0,0.0,
3.11.2025,19:17:33.907,2.1,4.9,4.6,3.6,7.7,0.8,1.0,0.7,0.9,1.1,1.7,1.0,1.0,1.3,1.5,1.5,0.7,4.1,2.9,1.9,0.9,1.5,1.6,2.9,1.5,7.7,2.1,2.2,5.6,6.1,4.9,9.2,0.5,0.8,0.5,0.7,1.1,1.9,0.9,0.9,0.3,0.5,0.5,0.5,5.4,3.8,1.2,0.8,0.4,0.7,3.4,1.4,2.2,0.0,3.3,8.8,10.9,1.1,0.9,2.3,1.5,0.7,0.8,6.2,1.3,1.0,3.8,30.2,87.7,87.6,10.3,8.2,22.4,12.4,3.5,4.5,27.1,4.8,16.5,77.3,66.5,3.5,1.6,88.6,90.9,75.3,86.1,95.8,94.7,66.7,93.9,82.5,18.9,77.6,74.9,70.1,69.6,61.8,61.1,61.3,60.1,59.1,60.8,59.3,57.5,66.4,58.6,68.0,58.5,70.7,61.8,60.2,63.4,75.2,70.6,71.7,76.0,71.0,9.096,7.302,9.096,55.250,5.490,8.4,34.5,22.8,32.0,40.6,80.5,53.2,54.0,37,37,86.0,100.0,0.0,0.2,0.2,73.3,0.0,56.7,78.0,63.9,87.0,0.0,0.0,0.0,0.0,21.4,0.0,0.1,0.0,0.0,0.0,
3.11.2025,19:17:35.902,1.6,4.7,4.5,3.1,7.6,0.3,0.4,0.4,0.3,0.8,1.4,0.6,1.1,0.0,0.1,0.5,0.2,5.5,1.1,0.0,0.4,0.4,0.3,3.4,0.1,7.6,1.6,2.2,5.8,5.4,4.6,9.7,0.4,0.5,0.5,0.5,1.1,1.7,0.7,1.5,0.3,0.2,0.6,0.3,8.3,1.4,0.3,0.5,0.5,0.5,4.9,1.2,2.2,0.0,3.3,9.0,11.0,1.0,0.9,2.4,1.9,0.5,0.8,6.5,0.7,1.1,4.2,32.8,89.4,85.2,15.8,6.1,34.0,25.9,1.7,5.5,26.5,4.1,44.0,55.5,63.9,1.6,3.8,83.2,93.0,63.6,72.2,97.9,93.6,67.0,95.1,54.9,40.3,76.9,74.7,70.6,69.6,61.7,61.1,61.3,60.3,59.1,61.3,59.7,57.4,66.2,58.7,67.2,58.9,69.3,61.7,60.1,63.3,75.8,71.4,71.7,76.0,70.9,9.649,7.302,9.645,42.250,5.492,8.9,26.4,23.5,31.4,40.5,80.3,53.2,54.0,37,37,86.0,100.0,0.0,0.1,0.1,73.3,0.0,56.7,78.0,63.8,87.0,0.0,0.0,0.0,0.0,21.4,0.0,0.1,0.0,0.0,0.0,
3.11.2025,19:17:37.897,1.6,5.4,2.6,3.5,6.6,0.6,0.7,0.6,0.0,0.8,1.1,0.7,0.7,1.2,0.0,0.0,0.7,4.4,2.1,0.5,0.9,0.9,0.0,2.1,2.7,6.6,1.6,2.0,6.6,3.1,4.5,7.5,0.5,0.6,0.4,0.4,0.6,1.1,0.6,0.6,0.3,0.2,0.5,0.6,7.2,2.7,0.3,0.9,1.1,0.5,3.8,2.4,2.0,0.0,3.1,7.7,9.9,0.9,0.8,1.6,1.2,0.5,0.9,6.7,1.0,1.2,4.5,30.9,87.8,86.6,13.6,5.5,23.7,17.0,2.2,3.6,28.9,4.1,14.0,84.2,66.0,4.5,3.5,85.5,93.8,74.7,81.8,97.3,95.4,64.4,94.8,84.8,11.3,76.5,74.8,68.4,71.0,61.8,61.0,61.1,60.1,59.0,60.7,59.4,57.4,66.4,58.6,68.1,58.4,71.1,61.8,60.1,63.4,75.0,70.6,71.7,76.0,70.9,9.319,7.351,9.324,53.500,5.502,8.6,33.4,23.2,31.7,40.4,80.4,53.0,54.0,37,37,86.0,100.0,0.0,0.0,0.0,73.3,0.0,56.5,78.0,63.8,87.0,0.0,0.0,0.0,0.0,21.4,0.0,0.0,0.0,0.0,0.0,
3.11.2025,19:17:39.911,1.1,5.8,1.3,1.9,7.4,0.0,0.0,0.0,0.6,0.2,0.2,0.0,0.0,0.0,0.0,0.6,0.0,2.8,3.8,0.0,0.2,0.0,0.2,2.3,0.1,7.4,1.1,1.9,8.6,2.3,3.3,9.5,0.4,0.5,0.5,0.4,0.8,0.8,0.4,0.5,0.3,0.4,0.4,0.3,3.2,6.8,0.4,0.9,0.6,1.0,3.9,0.7,1.9,0.0,3.0,8.1,10.4,0.8,0.8,1.5,0.9,0.6,0.6,6.6,1.0,1.4,3.4,28.4,87.7,84.9,6.1,7.3,15.4,9.3,3.4,3.1,27.8,3.4,42.8,50.3,68.5,4.2,4.7,93.1,91.9,83.2,89.8,96.0,96.3,65.6,95.6,55.8,46.3,76.0,74.4,69.2,68.8,61.2,60.8,60.8,59.6,58.7,60.1,58.9,57.2,65.7,58.5,66.8,58.6,68.7,61.4,59.9,62.9,75.2,70.5,71.5,75.9,70.5,8.849,7.093,8.848,45.750,5.460,8.2,28.6,22.3,31.1,40.4,80.0,53.0,54.0,37,37,86.0,100.0,0.0,0.1,0.1,72.9,0.0,56.5,78.0,63.7,87.0,7.0,4.0,0.0,0.0,21.4,0.1,0.3,0.0,0.0,0.0,
3.11.2025,19:17:41.911,2.0,5.4,5.0,5.0,7.7,1.0,0.6,1.4,0.0,1.2,1.5,0.8,0.8,1.3,0.1,0.0,1.4,3.0,4.6,0.5,1.1,0.8,1.3,2.9,0.9,7.7,2.0,2.3,6.5,5.8,7.2,9.4,1.0,0.5,0.5,0.5,1.3,1.4,0.8,0.7,0.5,0.8,0.5,0.5,3.4,6.8,0.4,1.3,0.7,0.4,2.7,0.8,2.3,0.0,3.5,9.8,12.4,1.3,0.8,2.5,1.4,1.1,0.8,6.9,1.3,1.1,2.7,34.8,87.2,86.7,18.8,6.7,37.9,28.5,3.4,4.1,30.6,3.6,54.7,55.4,61.7,3.0,0.9,79.9,92.5,59.6,70.0,95.5,95.1,62.5,95.1,44.2,41.9,75.6,74.3,68.4,72.5,61.6,61.1,61.4,60.4,59.0,61.4,59.6,57.4,65.9,58.7,67.0,58.9,69.0,61.6,60.1,63.1,75.0,70.4,71.6,75.6,70.2,10.219,7.042,10.217,48.500,5.455,9.5,30.3,23.7,31.1,40.3,79.9,53.0,53.8,37,37,86.0,100.0,0.0,0.1,0.1,73.0,0.0,56.5,78.0,63.8,87.0,0.0,1.0,0.0,0.0,21.4,0.0,0.1,0.0,0.0,0.0,
3.11.2025,19:17:43.910,1.8,4.7,2.8,3.4,8.7,1.0,0.8,0.6,1.3,0.8,0.9,0.6,0.7,0.5,2.2,1.3,0.4,2.5,3.0,1.4,0.5,0.6,0.4,3.2,1.0,8.7,1.8,2.0,5.5,3.8,5.0,10.9,1.2,0.9,0.5,0.5,0.7,0.9,0.6,0.6,0.4,0.8,0.5,0.3,2.7,4.2,0.6,0.5,0.5,0.4,4.2,1.0,2.0,0.0,3.0,7.3,11.7,1.5,0.9,1.5,1.1,0.9,0.7,5.0,0.9,1.0,3.9,27.9,87.4,86.4,9.8,4.9,18.0,9.4,2.3,3.5,25.0,4.3,27.3,56.7,69.0,5.3,1.8,88.7,94.2,80.5,89.5,96.7,95.8,70.0,94.8,71.7,39.4,75.2,74.2,68.8,71.0,61.1,60.6,61.0,59.7,58.6,60.1,58.9,57.2,65.5,58.1,66.6,58.3,68.5,61.3,59.8,62.8,72.8,69.1,71.4,75.3,70.0,8.773,7.032,8.768,43.000,5.449,8.1,26.9,22.1,30.9,40.2,79.8,53.0,54.0,37,37,86.0,100.0,0.0,0.0,0.0,72.8,0.0,56.4,78.0,63.7,87.0,0.0,1.0,0.0,0.0,21.4,0.0,0.1,0.0,0.0,0.0,
3.11.2025,19:17:45.906,1.4,5.6,2.5,1.7,8.4,0.4,0.4,0.4,0.4,0.6,0.6,0.4,0.5,0.0,0.0,0.4,0.3,2.2,4.3,0.0,0.3,0.5,0.0,2.5,0.6,8.4,1.4,1.9,7.0,3.2,2.5,10.9,0.4,0.4,0.5,0.4,0.7,0.7,0.5,0.5,0.3,0.5,0.4,0.4,2.5,6.8,0.9,0.3,0.6,1.0,3.6,0.7,1.9,0.0,3.0,8.0,10.3,0.8,0.7,1.3,0.9,0.7,0.7,6.3,1.0,1.4,3.3,28.1,87.8,83.8,5.8,6.1,16.8,9.1,2.1,3.3,20.4,3.9,44.5,53.7,68.9,4.2,5.9,93.4,93.1,81.9,90.0,97.2,96.0,73.3,95.1,54.1,43.0,75.0,73.9,67.5,69.6,60.9,60.5,60.7,59.4,58.5,59.9,58.7,57.0,65.2,58.1,66.3,58.3,68.3,61.1,59.6,62.6,72.8,68.9,71.3,75.1,70.0,8.840,6.907,8.847,41.500,5.430,8.2,25.9,22.0,30.4,40.2,79.4,53.0,53.8,37,37,86.0,100.0,0.0,0.1,0.1,72.5,0.0,56.3,78.0,63.6,87.0,0.0,1.0,0.0,0.0,21.4,0.0,0.1,0.0,0.0,0.0,
3.11.2025,19:17:47.905,1.7,8.7,2.2,3.2,5.2,0.5,0.0,0.0,0.3,0.7,0.7,0.6,0.5,1.1,1.2,0.6,0.5,2.3,4.2,1.1,0.4,0.0,1.0,3.6,1.2,8.7,1.7,2.0,9.7,2.8,4.5,7.5,0.6,0.7,0.4,0.3,0.8,0.7,0.6,0.5,0.3,0.5,0.6,0.5,2.8,6.5,0.3,0.4,0.5,0.2,5.2,1.4,2.0,0.0,3.1,10.7,8.4,1.0,0.7,1.4,1.0,0.6,0.9,6.1,0.6,0.7,4.5,28.5,83.5,85.1,10.1,5.7,20.0,11.0,1.9,4.5,21.2,4.5,17.8,76.9,68.4,5.8,6.5,88.8,93.6,78.7,87.9,97.5,94.7,72.6,94.9,81.4,18.5,75.0,74.0,67.5,70.1,60.9,60.5,60.4,59.4,58.3,60.0,58.6,56.8,65.4,57.8,66.8,57.7,69.5,61.0,59.5,62.5,72.2,68.5,71.1,75.0,70.0,8.706,7.077,8.709,44.500,5.451,8.1,27.8,22.0,30.1,40.1,79.5,53.0,53.8,37,37,86.0,100.0,0.0,0.1,0.1,72.4,0.0,56.2,78.0,63.5,87.0,0.0,1.0,0.0,0.0,21.4,0.0,0.1,0.0,0.0,0.0,
3.11.2025,19:17:49.904,1.8,10.4,2.4,3.2,4.7,0.7,1.4,1.6,0.6,1.0,1.1,0.7,0.7,1.2,0.4,0.5,0.5,2.4,4.4,0.5,0.0,0.5,0.6,2.4,1.0,10.4,1.8,2.0,12.1,2.9,4.3,6.4,0.6,0.6,1.0,0.6,1.0,1.0,0.6,0.6,0.3,0.2,0.4,0.4,2.7,6.6,0.4,0.7,0.4,0.6,3.2,0.9,2.0,0.0,3.2,12.5,7.7,1.1,1.2,1.9,1.1,0.5,0.6,6.2,0.9,1.0,3.2,31.1,84.5,90.8,15.1,5.3,23.7,16.7,2.4,5.3,30.1,4.5,26.2,68.7,65.7,3.0,1.5,83.9,93.5,74.3,82.1,97.1,94.0,63.7,94.5,72.9,28.1,74.9,73.8,68.4,70.1,60.9,60.5,60.4,59.5,58.4,60.1,58.7,56.7,65.3,57.9,66.6,57.9,68.9,61.0,59.5,62.5,73.5,69.1,71.1,75.0,70.0,9.099,7.068,9.096,39.750,5.457,8.4,24.8,22.5,29.7,40.0,79.3,53.0,53.8,37,37,86.0,100.0,0.1,0.2,0.2,72.3,0.0,56.2,76.0,63.3,87.0,0.0,0.0,0.0,0.0,21.4,0.1,0.3,0.0,0.0,0.0,
3.11.2025,19:17:51.901,1.2,9.1,2.5,2.4,3.6,0.1,0.1,0.1,0.1,0.7,0.4,0.2,0.2,0.0,0.0,0.2,0.2,3.7,2.7,0.0,0.7,0.1,0.4,1.9,0.5,9.1,1.2,2.0,10.7,4.0,3.7,5.3,0.4,0.4,0.4,0.4,1.2,0.8,0.5,0.5,0.3,0.3,0.6,0.6,5.4,4.5,0.4,0.2,0.4,0.9,4.5,0.9,2.0,0.0,3.1,12.1,6.6,0.7,0.7,1.8,1.0,0.5,1.0,6.7,0.6,1.1,3.9,28.4,84.6,86.7,5.9,6.3,18.1,10.4,1.4,5.3,24.3,2.7,16.4,79.1,68.5,3.3,6.7,93.4,93.0,80.2,88.7,98.0,93.7,69.0,96.7,82.5,17.0,74.9,73.9,67.9,70.6,60.9,60.5,60.2,59.1,58.2,59.8,58.5,56.7,65.5,57.8,66.8,57.7,69.6,61.0,59.4,62.5,73.0,68.7,71.0,75.0,70.0,8.838,7.063,8.837,50.500,5.453,8.2,31.6,22.2,30.0,39.9,79.5,53.0,53.8,37,37,86.0,100.0,0.0,0.1,0.1,72.5,0.0,56.1,76.0,63.4,87.0,0.0,0.0,0.0,0.0,21.4,0.0,0.1,0.0,0.0,0.0,
3.11.2025,19:17:53.899,2.0,11.0,3.6,3.6,3.8,0.6,0.6,0.9,0.4,1.0,1.0,0.7,0.8,1.0,1.0,0.7,0.0,5.6,1.4,1.5,0.4,1.2,0.0,3.9,2.5,11.0,2.0,2.5,13.7,4.5,5.1,5.4,0.7,0.8,1.2,0.5,1.1,1.2,0.8,0.9,0.2,0.3,0.9,0.4,8.1,1.9,0.9,0.5,0.5,1.0,4.5,3.9,2.5,0.0,3.8,14.6,7.9,1.3,1.3,2.3,1.7,0.5,1.1,6.9,1.3,1.3,5.7,36.1,83.0,88.6,25.3,7.7,45.2,39.4,1.7,6.4,34.3,3.8,38.3,59.5,60.1,2.3,3.5,73.4,91.0,52.5,58.9,97.8,92.5,58.9,94.9,60.4,34.8,75.6,74.8,67.9,67.1,61.4,61.0,60.5,60.0,58.6,61.1,59.3,56.7,66.0,58.3,67.3,58.0,69.9,61.2,59.7,62.7,73.2,69.2,71.1,75.0,70.0,10.142,7.810,10.147,36.000,5.569,9.4,22.5,24.8,30.4,39.9,80.5,53.0,53.8,37,37,86.0,100.0,0.0,0.0,0.0,73.0,0.0,56.1,78.0,63.3,87.0,0.0,2.0,0.0,0.0,21.4,0.1,0.4,0.0,0.0,0.0,
3.11.2025,19:17:55.901,2.2,11.9,5.8,5.7,7.0,1.1,0.6,0.5,0.4,1.9,1.8,0.8,1.0,0.3,0.4,0.3,1.0,5.4,1.2,0.3,0.4,0.3,1.0,2.5,1.1,11.9,2.2,2.9,14.6,8.0,7.9,10.5,1.2,0.7,0.6,0.6,2.2,2.2,1.1,1.3,0.4,0.5,0.4,0.3,8.1,1.7,0.5,0.6,0.4,0.3,3.6,1.5,2.9,0.1,4.5,17.5,13.1,1.9,1.1,4.2,2.2,0.8,0.7,6.6,0.9,0.8,4.1,36.7,79.4,84.6,36.9,7.2,50.3,42.2,2.9,4.8,26.0,4.1,27.1,75.2,58.8,3.1,2.4,61.3,91.7,45.6,55.6,96.3,94.6,67.3,95.0,72.1,20.7,75.8,75.2,68.4,71.0,61.9,61.5,61.5,60.9,58.9,62.2,59.8,57.0,66.2,58.1,67.9,58.1,71.0,61.6,60.0,63.1,74.2,70.3,71.3,75.0,70.0,10.929,8.456,10.929,39.500,5.664,10.1,24.7,26.7,31.6,39.9,80.9,53.0,53.8,37,37,86.0,100.0,0.0,0.1,0.1,73.7,0.0,56.2,76.0,63.3,87.0,0.0,3.0,0.0,0.0,21.4,0.2,0.7,0.0,0.0,0.0,
3.11.2025,19:17:57.911,2.2,10.9,4.7,6.1,5.5,1.1,0.7,1.2,0.7,1.7,1.9,1.2,1.1,0.0,0.4,0.7,0.8,4.3,3.0,1.4,0.6,0.9,0.8,2.4,1.0,10.9,2.2,2.7,13.1,6.2,8.3,7.8,1.1,0.6,1.3,0.6,1.7,2.2,1.2,1.0,0.2,0.3,0.6,0.7,5.7,4.3,1.7,0.5,0.8,0.8,3.1,0.9,2.7,0.1,4.1,15.1,11.4,1.6,1.5,3.4,2.1,0.5,1.1,6.7,1.6,1.3,3.2,33.5,81.9,85.9,21.6,9.6,39.8,32.5,2.0,3.8,24.6,2.8,32.1,65.4,62.4,3.0,2.7,76.8,88.8,56.8,65.5,97.6,95.1,68.7,95.6,66.6,31.4,75.6,74.9,68.4,72.0,61.7,61.2,61.3,60.3,59.0,61.5,59.6,56.9,66.1,58.1,67.6,58.2,70.1,61.5,60.0,63.0,74.2,70.2,71.3,75.0,70.0,10.385,7.992,10.369,43.250,5.596,9.6,27.0,25.4,32.6,39.8,80.6,53.0,53.8,37,37,86.0,100.0,0.0,0.1,0.1,73.5,0.0,56.2,76.0,63.2,87.0,0.0,1.0,0.0,0.0,21.4,0.0,0.1,0.0,0.0,0.0,
3.11.2025,19:17:59.906,4.3,19.0,7.0,19.9,8.3,4.3,2.4,1.1,1.2,8.4,2.1,3.3,1.4,2.2,0.7,1.2,1.9,6.5,5.1,0.7,1.2,0.9,0.3,2.4,1.5,19.9,4.3,6.2,27.8,10.6,32.4,12.8,6.4,3.1,1.0,1.3,12.8,2.4,4.4,1.6,1.7,0.5,2.3,2.4,8.9,7.3,1.7,1.2,0.7,1.0,4.0,1.4,6.2,0.0,8.0,25.3,25.8,6.0,1.8,10.0,4.1,1.6,3.1,10.2,2.2,1.5,4.2,32.0,72.7,74.2,20.4,10.6,33.7,26.2,4.0,9.9,36.1,6.5,20.5,69.4,60.0,2.0,0.0,73.7,87.6,56.4,69.6,94.4,86.9,53.7,91.3,78.0,26.4,79.5,77.2,68.8,71.0,63.2,63.9,65.0,61.9,59.6,63.6,60.2,57.5,68.1,59.2,69.2,58.4,71.9,62.2,60.5,63.9,73.5,69.5,71.6,75.0,70.0,13.086,8.529,13.096,47.250,5.676,12.1,29.5,29.1,34.0,39.8,83.0,53.0,53.8,37,37,86.0,100.0,0.0,0.1,0.1,74.0,0.0,56.1,76.0,63.4,87.0,0.0,1.0,0.0,0.0,21.4,0.0,0.1,0.0,0.0,0.0,
3.11.2025,19:18:1.910,1.8,9.5,3.9,3.5,2.9,0.6,0.6,0.9,1.5,0.9,1.0,0.7,0.6,0.4,0.9,1.8,0.4,2.8,3.3,1.3,0.6,0.0,0.9,3.2,1.1,9.5,1.8,2.2,11.2,5.1,4.8,3.7,0.5,0.4,2.4,2.0,0.9,1.0,0.6,0.5,0.2,1.2,1.2,0.3,3.3,4.8,0.5,0.6,0.7,1.1,4.4,1.1,2.2,0.0,3.3,12.9,6.2,0.8,2.7,1.7,1.0,1.0,1.1,5.6,0.9,1.5,4.0,29.6,84.6,88.6,6.7,7.4,21.0,13.3,2.1,4.6,30.4,3.6,20.0,72.6,67.1,2.5,5.1,92.5,89.9,77.4,85.7,96.9,94.2,64.0,95.5,78.5,23.4,78.2,74.7,67.5,71.0,61.1,60.7,60.4,59.4,58.8,60.1,58.8,56.8,65.7,57.9,67.0,57.8,69.6,61.2,59.6,62.7,74.2,69.9,71.1,75.0,70.0,9.110,7.846,9.111,47.250,5.566,8.4,29.5,23.7,34.2,39.8,80.4,53.0,53.8,37,37,86.0,100.0,0.0,0.1,0.1,73.1,0.0,56.1,76.0,63.3,87.0,0.0,1.0,0.0,0.0,21.4,0.0,0.1,0.0,0.0,0.0,
3.11.2025,19:18:3.905,1.9,11.1,3.3,3.8,4.7,0.4,0.4,0.9,0.3,0.8,1.1,0.4,0.8,0.2,0.6,0.3,0.2,5.2,3.0,0.2,0.3,1.0,1.0,4.0,0.9,11.1,1.9,2.5,14.0,4.5,5.5,7.1,0.6,0.6,0.4,0.5,1.1,1.4,0.7,1.1,0.5,0.8,0.5,0.5,7.7,4.5,0.4,0.5,0.4,0.5,4.9,1.2,2.5,0.0,3.9,14.7,9.0,1.2,0.8,2.4,1.6,1.1,0.8,8.3,0.8,0.9,4.6,33.4,82.8,87.0,21.8,6.7,34.6,24.3,2.7,3.2,34.1,4.9,17.5,81.8,62.7,2.4,4.0,77.0,92.5,63.0,74.0,96.2,96.0,57.6,94.3,81.6,13.6,77.5,75.0,68.8,70.1,61.5,61.2,60.8,60.1,58.6,61.0,59.1,56.9,65.9,58.3,67.7,57.8,70.8,61.4,59.8,63.0,74.5,70.6,71.1,75.0,70.0,9.973,8.196,9.961,39.500,5.623,9.2,24.7,25.2,33.5,39.7,80.7,53.0,53.8,37,37,86.0,100.0,0.0,0.2,0.2,73.4,0.0,56.2,76.0,63.3,87.0,1.0,1.0,0.0,0.0,21.4,0.1,0.5,0.0,0.0,0.0,
3.11.2025,19:18:5.905,2.1,11.3,3.7,4.7,4.3,0.9,0.8,0.8,0.7,1.5,1.3,0.8,1.1,1.2,0.6,1.3,1.5,2.7,4.0,0.6,0.7,0.3,0.6,3.1,1.5,11.3,2.1,2.4,13.3,4.7,6.2,5.4,0.7,0.6,0.5,0.4,1.4,1.2,0.6,0.9,1.3,0.3,1.1,1.8,3.0,5.8,0.3,0.4,0.9,0.3,4.0,1.6,2.4,0.0,3.6,14.3,8.5,1.1,0.8,2.3,1.4,1.2,2.1,6.0,0.7,1.2,4.0,31.6,79.5,88.7,18.1,5.1,31.0,22.8,3.0,5.0,31.0,3.6,48.5,42.7,64.8,6.2,2.8,80.7,94.1,66.7,75.8,95.8,92.9,63.0,95.7,50.3,53.4,76.8,74.5,68.4,68.6,61.1,60.9,60.7,59.9,58.6,60.7,59.1,56.8,65.9,58.0,66.3,58.2,68.1,61.1,59.6,62.6,75.0,69.9,71.0,75.0,70.0,9.545,7.658,9.562,44.000,5.541,8.9,27.5,23.9,33.5,39.7,80.2,53.0,53.8,37,37,86.0,100.0,0.0,0.2,0.2,73.0,0.0,56.1,76.0,63.2,87.0,0.0,0.0,0.0,0.0,21.4,0.0,0.1,0.0,0.0,0.0,
3.11.2025,19:18:7.906,1.5,9.4,1.4,3.7,4.2,0.5,0.4,0.5,0.5,0.7,0.7,0.7,0.4,0.4,0.3,0.5,0.4,3.9,2.0,0.5,0.4,1.4,0.3,2.3,0.9,9.4,1.5,1.9,10.4,1.7,5.1,5.6,0.5,0.4,0.5,0.5,0.7,0.7,0.9,0.4,1.8,0.3,0.4,0.4,5.4,2.8,0.5,0.4,0.7,0.2,3.1,1.0,1.9,0.1,2.9,10.7,7.7,0.8,0.7,1.3,1.1,1.4,0.8,5.7,0.8,1.0,3.2,27.1,81.7,86.8,5.6,6.2,17.0,9.7,1.9,3.8,30.5,3.2,23.5,55.5,70.0,7.6,5.6,93.7,93.0,81.7,89.2,96.7,95.5,63.8,96.0,75.6,41.3,75.8,73.1,66.5,76.0,60.3,60.1,60.0,59.0,58.0,59.5,58.3,56.5,64.7,57.5,65.6,57.4,67.4,60.5,59.1,61.9,73.5,69.3,70.7,75.0,70.0,8.322,6.367,8.315,30.750,5.342,7.7,19.2,20.5,32.1,39.6,78.6,53.0,53.8,37,37,86.0,100.0,0.0,0.1,0.1,71.7,0.0,56.2,76.0,63.1,87.0,5.0,3.0,0.0,0.0,21.4,0.1,0.3,0.0,0.0,0.0,
3.11.2025,19:18:9.903,1.8,11.4,3.5,6.6,5.5,1.0,0.6,0.6,0.5,1.9,1.1,1.2,0.8,1.0,0.0,0.5,0.4,1.2,0.2,0.4,0.3,1.0,0.0,3.4,1.0,11.4,1.8,2.4,14.0,4.4,9.7,8.0,1.0,0.7,0.6,0.6,2.0,1.2,1.5,0.9,0.3,0.2,0.5,0.4,2.3,1.2,0.4,0.4,1.3,0.3,5.0,1.2,2.4,0.0,3.8,14.6,12.0,1.6,1.0,3.2,2.1,0.4,0.8,2.9,0.7,1.4,4.7,34.3,83.4,82.3,26.6,8.5,40.8,31.2,1.7,3.8,22.8,4.1,35.1,71.3,61.9,1.9,5.8,71.8,90.5,56.0,66.7,97.9,95.4,74.3,95.2,63.5,24.1,75.5,74.6,69.6,68.6,61.2,60.9,60.8,60.1,58.5,61.1,59.2,56.5,65.6,57.2,67.2,57.8,70.0,61.1,59.6,62.5,74.5,70.3,70.9,75.0,70.0,9.957,8.151,9.963,49.750,5.619,9.2,31.1,25.1,31.6,39.6,80.2,52.8,53.8,37,37,86.0,100.0,0.0,0.1,0.1,73.0,0.0,56.0,76.0,63.2,87.0,0.0,1.0,0.0,0.0,21.4,0.0,0.1,0.0,0.0,0.0,
3.11.2025,19:18:11.906,1.4,10.5,2.5,4.7,3.5,0.0,0.1,0.2,0.0,1.1,0.6,0.3,0.3,0.0,0.1,0.2,0.0,6.0,2.0,0.0,0.0,0.0,0.0,1.0,0.4,10.5,1.4,2.3,13.0,4.0,7.3,5.7,0.7,0.5,0.6,0.5,1.9,1.1,0.8,0.8,0.3,0.6,0.7,0.8,8.3,2.3,0.4,0.4,0.5,0.3,2.9,0.9,2.3,0.1,3.6,13.8,9.1,1.2,1.0,2.6,1.4,0.8,1.2,7.1,0.7,0.8,3.2,32.1,79.3,86.8,18.0,9.8,28.9,21.8,2.4,3.2,27.7,4.2,31.3,72.4,64.3,6.9,4.1,80.8,89.2,68.5,76.8,96.9,95.6,65.2,95.1,67.9,24.4,75.4,74.4,68.4,66.8,61.0,60.7,60.5,59.7,58.5,60.5,58.9,56.5,65.4,57.8,66.7,57.8,69.2,61.0,59.5,62.5,72.8,68.6,70.8,75.0,70.0,9.621,7.633,9.615,45.750,5.535,8.9,28.6,24.0,32.0,39.5,79.9,52.8,53.8,37,37,86.0,100.0,0.0,0.0,0.0,72.9,0.0,55.9,76.0,63.1,87.0,0.0,1.0,0.0,0.0,21.4,0.1,0.4,0.0,0.0,0.0,
3.11.2025,19:18:13.901,1.7,8.8,2.9,3.4,4.2,1.2,0.5,0.4,0.3,0.6,0.8,0.5,1.1,0.9,1.8,0.3,0.9,4.1,2.6,1.0,0.4,0.3,0.1,3.4,0.7,8.8,1.7,2.2,10.2,3.9,4.9,6.7,0.6,0.7,0.5,0.4,0.8,1.2,0.7,1.7,1.6,1.2,0.5,0.3,5.8,3.8,0.4,0.6,0.4,0.3,3.9,0.9,2.2,0.0,3.3,11.8,7.8,1.2,0.8,1.7,1.9,2.2,0.7,6.6,0.8,0.8,3.6,31.1,86.1,90.1,6.9,6.1,25.3,17.0,4.5,2.7,26.2,3.2,30.2,75.2,65.5,2.1,2.1,91.9,93.1,73.0,81.1,93.3,96.5,67.2,96.0,69.0,21.2,75.1,74.0,68.8,71.0,60.7,60.2,60.3,59.0,58.1,59.9,58.5,56.6,65.2,57.6,66.7,57.6,69.3,60.8,59.2,62.3,72.8,68.8,70.8,75.0,70.0,9.169,7.487,9.164,37.750,5.516,8.5,23.6,23.2,31.8,39.5,79.6,52.8,53.5,37,37,86.0,100.0,0.0,0.1,0.1,72.5,0.0,55.8,76.0,63.1,87.0,0.0,1.0,0.0,0.0,21.4,0.0,0.1,0.0,0.0,0.0,
3.11.2025,19:18:15.909,1.6,10.9,2.1,3.6,2.5,0.6,0.4,0.5,0.5,0.8,0.7,0.5,0.6,1.1,0.0,0.4,0.4,2.0,4.5,0.0,1.1,0.0,1.1,2.2,1.1,10.9,1.6,1.9,13.2,2.9,4.8,3.3,0.7,0.4,0.5,0.7,0.9,0.8,0.6,0.6,0.3,0.4,0.5,0.5,2.3,7.1,0.4,0.4,0.5,0.3,2.9,1.3,1.9,0.0,2.9,12.9,6.0,0.9,0.9,1.5,1.0,0.6,0.7,6.2,0.6,0.8,3.2,27.5,78.7,89.2,6.5,5.0,19.2,9.3,2.0,4.1,26.3,3.0,18.2,68.6,69.5,8.4,4.7,92.6,94.1,79.4,89.7,97.4,95.2,67.5,96.3,81.0,28.2,74.8,73.6,68.8,69.6,60.4,60.2,59.8,58.9,58.0,59.5,58.2,56.3,64.8,57.4,65.9,57.3,68.2,60.5,59.1,62.0,72.5,68.4,70.5,75.0,70.0,8.595,7.089,8.601,51.500,5.447,8.0,32.2,21.9,31.3,39.4,79.1,52.8,53.5,37,37,86.0,100.0,0.0,0.1,0.1,72.1,0.0,55.8,76.0,62.9,87.0,0.0,1.0,0.0,0.0,21.4,0.0,0.1,0.0,0.0,0.0,
3.11.2025,19:18:17.898,2.0,9.6,1.5,4.1,4.3,1.1,1.1,1.1,1.0,1.4,1.3,1.0,1.0,0.4,1.7,1.0,0.9,3.1,4.1,1.7,0.3,1.9,0.0,3.6,1.5,9.6,2.0,1.9,10.1,2.2,4.8,4.9,0.5,0.5,0.5,0.4,0.9,0.7,0.5,0.5,0.7,1.8,0.5,0.4,2.9,5.5,0.4,0.5,0.5,0.2,4.3,1.0,1.9,0.1,3.0,10.7,7.2,0.8,0.8,1.5,0.9,1.6,0.7,5.8,0.7,0.8,3.9,27.0,81.5,83.1,9.1,4.6,19.8,9.5,1.3,3.9,23.6,3.0,32.5,52.3,70.0,7.7,9.7,90.1,94.7,78.7,89.7,97.1,95.3,70.6,96.3,66.7,43.8,74.5,73.4,69.2,65.9,60.2,59.9,59.9,58.8,57.9,59.4,58.1,56.4,64.6,57.3,65.6,57.4,67.5,60.5,59.0,61.9,72.2,68.3,70.5,74.9,69.9,8.696,7.053,8.691,40.250,5.440,8.0,25.2,22.1,30.6,39.3,79.0,52.8,53.5,37,37,86.0,100.0,0.0,0.0,0.0,72.0,0.0,55.7,76.0,62.9,87.0,0.0,1.0,0.0,0.0,21.4,0.0,0.1,0.0,0.0,0.0,
3.11.2025,19:18:19.910,1.7,9.0,2.7,3.8,4.0,0.2,0.3,0.3,0.2,0.4,0.9,0.3,0.2,0.8,0.7,0.4,0.3,5.2,4.0,0.0,0.7,1.0,0.8,2.5,1.2,9.0,1.7,2.3,10.7,2.9,5.8,6.1,0.6,0.7,0.6,0.5,0.8,1.6,0.6,0.6,0.3,0.3,0.7,0.6,6.3,5.6,0.3,0.3,1.8,0.5,4.0,2.2,2.3,0.0,3.6,11.5,8.5,1.1,0.9,2.1,1.2,0.5,1.0,9.3,0.6,1.7,4.4,29.7,82.0,85.3,14.3,6.4,24.0,16.1,3.3,4.5,29.6,3.4,31.5,56.5,66.7,6.5,6.2,84.6,92.7,73.9,82.7,96.2,94.5,61.1,96.0,66.9,39.1,74.9,74.0,68.4,66.8,60.4,60.1,60.1,59.0,58.0,59.7,58.3,56.3,64.8,57.8,65.7,57.6,67.9,60.6,59.1,62.1,73.0,68.9,70.4,74.9,69.8,9.161,7.654,9.166,44.750,5.537,8.5,28.0,23.5,30.4,39.3,79.6,52.8,53.5,37,37,86.0,100.0,0.0,0.1,0.1,72.4,0.0,55.8,76.0,63.0,87.0,1.0,3.0,0.0,0.0,21.4,0.1,0.3,0.0,0.0,0.0,
3.11.2025,19:18:21.911,2.9,13.7,7.1,7.7,6.5,2.4,1.1,1.1,1.3,4.0,2.6,2.6,1.8,0.6,1.2,0.8,0.7,2.9,4.2,1.2,0.9,0.9,0.8,2.9,1.8,13.7,2.9,3.8,18.4,9.5,10.8,9.1,3.0,1.1,1.1,1.6,5.1,3.0,3.4,2.0,0.5,1.5,0.7,0.7,3.3,6.3,1.4,1.0,0.8,0.7,3.9,2.2,3.8,0.0,5.5,19.8,13.9,3.3,2.1,6.4,4.2,1.4,1.2,6.5,1.7,1.5,4.5,42.3,79.7,86.1,49.6,12.7,61.9,56.0,3.5,7.2,28.7,4.5,42.9,74.7,52.2,0.5,0.0,47.2,85.2,31.8,39.8,95.1,91.6,64.8,93.8,55.6,20.8,75.8,75.1,68.8,74.0,62.2,61.9,61.6,61.3,59.2,62.9,60.3,56.9,66.4,58.1,68.1,58.3,71.2,61.5,59.9,63.1,75.0,70.3,71.0,75.0,69.8,12.464,8.336,12.451,59.250,5.642,11.5,37.0,28.2,32.1,39.2,80.7,52.8,53.5,37,37,86.0,100.0,0.0,0.0,0.0,73.4,0.0,55.8,76.0,62.9,87.0,1.0,2.0,0.0,0.0,21.4,0.0,0.1,0.0,0.0,0.0,
3.11.2025,19:18:23.900,1.4,9.3,3.6,5.6,3.7,0.3,0.2,0.2,0.2,1.1,0.8,0.5,0.3,0.0,0.0,0.2,0.1,2.3,3.1,0.1,0.0,0.0,0.0,1.9,0.5,9.3,1.4,2.3,11.6,5.4,9.1,5.5,0.7,0.5,0.6,0.5,1.6,1.3,1.0,0.7,0.3,0.5,0.6,0.5,3.1,5.4,0.6,0.4,0.4,0.3,3.0,0.9,2.3,0.0,3.5,13.2,9.9,1.2,1.0,2.7,1.5,0.6,0.9,5.9,0.8,0.8,3.1,30.9,84.8,86.1,14.9,8.4,31.0,19.1,3.1,4.1,24.6,7.1,23.5,63.6,65.7,1.9,3.9,83.9,90.6,66.4,79.3,96.3,95.0,69.6,92.2,75.7,33.3,75.5,74.6,67.0,69.1,60.8,60.4,60.5,59.4,58.3,60.3,58.6,56.5,65.4,57.5,66.6,57.5,68.7,60.9,59.3,62.5,72.8,68.6,70.7,75.0,69.9,9.339,8.013,9.350,40.500,5.588,8.7,25.3,24.2,33.1,39.2,80.2,52.8,53.5,37,37,86.0,100.0,0.0,0.1,0.1,72.9,0.0,55.7,76.0,62.9,87.0,0.0,1.0,0.0,0.0,21.4,0.0,0.1,0.0,0.0,0.0,
3.11.2025,19:18:25.911,2.1,11.1,5.0,5.9,4.3,1.0,0.6,0.6,0.6,1.9,1.3,1.1,1.1,1.3,0.3,0.5,0.5,2.5,3.9,0.4,0.8,1.3,0.2,2.4,0.8,11.1,2.1,2.5,13.6,6.7,8.3,5.9,1.0,0.6,0.6,0.6,2.1,1.4,1.2,1.3,0.6,0.3,0.5,0.5,2.8,5.8,0.4,1.0,0.5,0.2,3.2,0.9,2.5,0.0,3.9,15.7,10.3,1.6,1.1,3.3,2.2,0.7,0.8,6.0,1.1,0.8,3.3,34.5,82.2,86.4,26.0,9.8,38.3,31.0,2.2,4.7,24.4,5.0,49.5,53.9,61.6,2.2,3.3,72.4,89.1,58.4,66.8,97.0,94.5,69.6,93.9,49.7,42.9,75.0,73.5,68.4,68.2,60.9,60.7,60.5,59.8,58.3,60.8,59.0,56.3,65.1,57.5,66.3,57.8,68.4,60.7,59.2,62.2,75.2,70.3,70.6,74.8,69.5,10.196,7.231,10.195,38.250,5.473,9.4,23.9,24.1,32.2,39.2,79.0,52.8,53.5,37,37,86.0,100.0,0.0,0.1,0.1,72.2,0.0,55.8,76.0,63.1,87.0,3.0,3.0,0.0,0.0,21.4,0.1,0.6,0.0,0.0,0.0,
3.11.2025,19:18:27.904,2.4,12.9,5.1,5.0,5.6,1.7,1.2,1.4,0.3,2.6,1.9,1.7,1.1,1.3,0.0,0.9,0.8,3.1,3.2,0.8,0.0,0.5,0.8,3.0,1.8,12.9,2.4,2.7,16.0,6.2,6.5,7.3,1.6,1.0,1.3,0.9,2.5,1.8,1.5,0.8,1.3,0.6,0.6,0.5,3.3,4.1,0.5,0.5,1.1,0.5,3.6,1.7,2.7,0.0,4.2,16.1,10.1,2.0,1.7,3.9,2.2,1.4,1.0,5.1,0.8,1.5,4.1,35.9,77.0,87.5,25.0,15.8,40.5,29.6,2.7,5.6,30.4,4.4,49.7,62.7,59.9,6.9,2.4,72.9,82.4,55.6,68.2,96.0,93.4,64.5,94.8,48.8,33.2,75.0,74.4,68.4,70.1,61.2,60.8,60.6,59.9,58.6,61.0,59.0,56.5,65.6,57.6,66.8,58.0,69.3,61.0,59.4,62.5,74.5,70.0,70.8,74.9,69.7,10.353,7.955,10.357,46.750,5.583,9.6,29.2,25.3,32.9,39.1,80.0,52.8,53.5,37,37,86.0,100.0,0.0,0.1,0.1,72.8,0.0,55.7,76.0,62.9,87.0,0.0,0.0,0.0,0.0,21.4,0.0,0.1,0.0,0.0,0.0,
3.11.2025,19:18:29.905,4.4,21.2,8.4,18.1,9.1,2.0,1.8,2.2,1.5,4.0,2.5,5.7,1.3,2.4,1.3,1.2,0.8,8.4,3.2,0.6,1.8,2.2,1.5,2.8,1.1,21.2,4.4,6.2,31.6,12.7,29.6,14.4,2.5,2.3,3.0,0.7,5.5,3.3,8.7,1.3,3.4,0.5,1.3,0.8,12.5,4.4,0.4,1.3,1.8,1.9,3.5,1.1,6.2,0.0,8.1,28.8,26.3,3.4,2.6,6.4,6.7,2.6,1.6,10.7,1.3,2.7,3.6,35.7,70.7,72.8,26.7,13.6,47.0,33.7,7.4,8.7,38.0,5.5,37.6,66.6,56.3,0.5,0.9,69.9,83.8,46.7,59.6,90.0,89.7,51.3,93.2,59.7,29.8,78.0,75.9,69.2,73.5,62.6,64.1,64.5,61.0,59.5,62.8,60.6,57.4,66.3,58.9,67.4,58.5,69.8,61.5,60.0,63.0,75.2,70.5,71.0,74.9,69.7,13.628,8.083,13.612,52.250,5.604,12.6,32.7,29.1,33.8,39.1,81.6,52.8,53.5,37,37,86.0,100.0,0.0,0.0,0.0,73.2,0.0,55.7,76.0,62.9,87.0,0.0,2.0,0.0,0.0,21.4,0.1,0.3,0.0,0.0,0.0,
3.11.2025,19:18:31.902,1.3,10.6,2.1,2.5,5.5,0.1,0.0,0.0,0.0,0.5,1.1,0.2,0.3,0.0,0.2,0.0,0.0,3.6,2.4,0.0,0.0,0.2,0.0,1.6,0.3,10.6,1.3,2.4,13.6,3.5,4.3,8.7,0.7,0.7,0.6,0.4,1.2,2.1,1.0,1.1,0.4,1.1,0.4,0.3,5.8,4.4,0.8,0.7,1.0,0.4,2.9,0.9,2.4,0.0,3.7,13.8,9.2,1.3,0.9,2.9,1.7,1.1,0.6,6.9,1.1,1.2,3.1,31.4,79.0,89.4,18.6,9.6,26.9,21.7,1.9,4.2,25.2,3.3,22.0,75.2,64.9,7.3,1.4,80.1,89.5,70.2,76.5,97.0,95.1,67.9,95.6,76.7,21.7,77.0,74.4,68.4,71.5,61.1,60.8,60.5,59.7,58.4,60.5,58.8,56.5,65.6,57.8,67.1,57.7,69.7,61.1,59.5,62.6,75.0,70.4,70.8,75.0,69.8,9.803,7.942,9.817,53.500,5.575,9.1,33.4,24.7,34.5,39.1,80.0,52.8,53.5,37,37,86.0,100.0,0.0,0.1,0.1,72.9,0.0,55.8,76.0,63.0,87.0,1.0,3.0,0.0,0.0,21.4,0.1,0.4,0.0,0.0,0.0,
3.11.2025,19:18:33.901,2.4,10.7,5.4,5.3,6.9,1.2,1.8,1.1,0.5,2.8,1.9,1.0,1.2,0.2,0.2,0.9,0.6,6.8,3.0,0.4,0.3,0.3,0.8,2.2,1.1,10.7,2.4,3.0,12.5,6.9,7.6,9.9,1.3,1.2,1.2,0.6,3.2,2.1,1.2,1.4,0.2,0.3,1.2,0.8,8.3,4.3,0.5,0.5,0.4,1.2,2.8,1.3,3.0,0.0,4.7,15.2,12.6,2.4,1.7,5.0,2.6,0.5,1.5,9.3,0.8,1.3,3.4,41.3,84.4,86.6,47.2,12.9,64.8,57.4,2.4,4.9,33.5,3.3,18.7,79.1,54.1,0.4,0.9,50.4,85.4,30.2,40.1,97.1,93.7,57.2,95.8,80.0,17.5,76.5,74.9,70.1,73.5,61.9,61.2,61.3,61.1,59.0,62.6,59.9,56.7,66.4,58.2,68.0,57.8,71.1,61.4,59.8,63.0,76.2,70.8,71.0,75.0,69.7,11.729,8.270,11.693,46.750,5.630,10.8,29.2,27.3,34.7,39.0,80.5,52.8,53.5,37,37,86.0,100.0,0.0,0.1,0.1,73.4,0.0,55.7,76.0,62.9,87.0,0.0,1.0,0.0,0.0,21.4,0.0,0.1,0.0,0.0,0.0,
3.11.2025,19:18:35.897,1.7,8.4,4.5,2.4,4.2,0.5,0.0,0.5,0.5,1.0,1.0,0.9,0.9,0.4,0.3,1.0,0.5,3.5,1.4,2.0,1.0,0.6,0.8,2.5,0.9,8.4,1.7,2.0,10.5,6.5,2.9,5.9,0.4,0.5,0.4,0.4,0.9,1.0,0.9,0.9,0.3,0.2,1.1,0.3,4.5,1.7,2.9,1.3,0.4,0.9,3.3,0.9,2.0,0.0,3.1,13.2,6.5,0.9,0.7,1.7,1.5,0.4,1.1,4.2,2.6,1.2,3.2,29.6,82.9,91.3,8.7,6.0,22.8,14.6,2.4,4.0,27.6,4.8,23.3,67.2,67.3,3.8,2.2,90.5,93.3,75.5,83.9,97.2,94.9,68.2,92.7,75.5,29.5,76.1,74.0,67.9,70.1,60.7,60.4,60.0,59.1,58.1,59.8,58.5,56.3,65.4,57.3,66.8,57.5,68.7,60.8,59.3,62.3,72.0,68.3,70.7,74.9,69.6,8.867,7.304,8.889,41.500,5.478,8.2,25.9,22.6,34.4,39.0,79.6,52.8,53.5,37,37,86.0,100.0,0.0,0.2,0.2,72.4,0.0,55.7,76.0,62.9,87.0,4.0,3.0,0.0,2.0,21.6,0.2,0.6,0.0,0.0,0.0,
3.11.2025,19:18:37.901,2.6,11.1,6.5,6.2,6.2,1.7,1.1,1.0,0.6,3.2,2.0,2.9,1.6,0.5,0.4,1.1,0.5,4.1,2.9,0.5,0.5,1.1,0.8,3.5,1.7,11.1,2.6,3.3,13.7,9.3,9.1,9.0,1.9,1.2,1.0,0.6,3.9,2.4,4.1,2.0,0.4,0.3,1.3,0.4,5.5,4.0,0.4,0.5,1.2,1.0,5.0,2.1,3.3,0.0,4.8,16.8,12.3,2.4,1.4,4.9,4.2,0.6,1.3,6.3,0.8,1.8,4.8,36.7,80.9,85.5,29.9,17.6,45.1,36.0,2.5,5.9,30.4,3.4,41.1,61.8,58.5,2.2,2.2,67.7,81.0,49.9,59.8,96.8,92.8,63.3,95.8,57.2,33.4,76.1,74.9,67.9,72.0,61.6,61.4,61.2,60.5,58.9,61.7,59.7,56.6,65.9,57.9,67.2,58.0,69.9,61.2,59.7,62.7,74.5,69.9,70.8,74.9,69.5,11.082,8.320,11.093,58.500,5.634,10.3,36.6,26.7,34.0,39.0,80.5,52.5,53.5,37,37,86.0,100.0,0.0,0.1,0.1,73.1,0.0,55.8,76.0,62.9,87.0,0.0,2.0,0.0,0.0,21.6,0.0,0.1,0.0,0.0,0.0,
3.11.2025,19:18:39.899,2.0,9.4,4.5,4.1,6.0,0.9,0.6,0.6,0.8,2.2,1.6,1.5,0.9,0.3,1.0,0.7,0.5,3.9,3.6,0.6,0.5,0.6,0.3,2.7,0.9,9.4,2.0,2.5,10.7,6.0,5.9,8.2,0.9,0.7,0.6,0.9,2.3,2.0,1.6,1.0,0.3,1.1,0.8,0.5,5.2,5.1,0.8,0.5,0.6,0.3,3.7,1.0,2.5,0.1,4.0,13.4,10.2,1.4,1.3,3.9,2.3,1.2,1.1,7.2,1.0,1.0,3.6,35.7,83.7,86.3,25.4,14.2,36.1,32.4,2.5,5.7,36.6,5.4,35.0,64.8,60.4,2.8,3.5,73.2,84.5,60.1,65.3,96.2,93.3,56.3,93.6,64.0,31.6,75.6,74.2,68.8,68.6,61.2,60.6,60.6,59.9,58.5,61.0,59.1,56.5,65.7,57.8,67.1,57.6,69.7,61.0,59.5,62.5,74.5,69.7,70.7,74.9,69.5,10.366,7.621,10.363,51.500,5.526,9.6,32.2,24.8,34.0,38.9,79.7,52.5,53.5,37,37,86.0,100.0,0.0,0.2,0.2,72.7,0.0,55.6,76.0,62.9,87.0,0.0,1.0,0.0,0.0,21.5,0.0,0.1,0.0,0.0,0.0,
3.11.2025,19:18:41.899,1.5,8.2,2.4,3.4,3.9,0.5,0.4,0.5,0.8,0.6,0.6,0.5,0.4,0.0,0.0,0.5,0.4,4.4,2.9,0.4,0.5,0.5,0.2,2.6,0.6,8.2,1.5,1.9,9.0,3.1,5.1,5.3,0.5,0.4,0.6,1.1,0.7,0.7,0.5,0.4,0.2,0.2,0.6,0.4,6.1,4.3,0.4,0.7,0.5,0.2,3.6,0.7,1.9,0.0,3.0,10.5,7.4,0.9,1.2,1.3,0.9,0.4,0.8,7.0,0.9,0.9,3.3,28.1,84.2,84.7,5.7,5.7,14.5,6.8,1.8,3.0,25.5,3.9,51.6,49.4,69.0,5.2,8.0,93.4,93.2,84.2,92.3,97.8,96.2,67.5,95.2,47.5,47.3,75.1,73.5,69.2,69.1,60.2,59.9,60.0,58.7,57.9,59.2,58.1,56.1,64.7,57.4,65.6,57.6,67.3,60.4,59.0,61.9,72.2,68.4,70.4,74.6,69.2,8.706,7.130,8.714,38.500,5.448,8.1,24.1,22.2,32.9,38.9,79.0,52.5,53.5,37,37,86.0,100.0,0.0,0.0,0.0,72.0,0.0,55.6,76.0,62.8,87.0,0.0,1.0,0.0,0.0,21.5,0.0,0.1,0.0,0.0,0.0,
3.11.2025,19:18:43.905,1.7,9.3,2.1,5.3,3.2,0.8,0.7,0.0,0.7,1.5,1.1,0.9,0.9,0.8,0.7,0.0,0.8,2.8,4.5,0.3,0.7,0.1,1.5,1.9,1.3,9.3,1.7,1.9,10.0,2.4,7.2,3.7,0.4,0.4,0.3,0.3,1.4,0.8,0.7,0.6,0.4,0.4,0.4,0.4,2.9,6.4,0.8,0.3,0.5,1.5,3.0,1.0,1.9,0.0,3.0,10.6,7.8,0.7,0.6,1.8,1.0,0.7,0.7,6.2,0.9,1.6,3.1,27.2,79.0,87.6,4.7,3.6,14.7,8.1,3.1,3.3,27.5,3.2,16.2,74.9,69.9,10.4,4.6,94.6,95.8,83.6,90.9,96.1,96.0,66.3,95.8,82.3,22.0,74.6,73.4,67.5,68.1,60.2,59.7,59.8,58.5,57.7,59.1,58.0,56.1,64.7,57.1,66.0,57.0,68.4,60.3,58.8,61.8,71.8,68.0,70.3,74.4,69.1,8.424,7.268,8.428,36.000,5.471,7.8,22.5,22.1,31.8,38.8,78.9,52.5,53.5,37,37,86.0,100.0,0.0,0.1,0.1,71.8,0.0,55.5,76.0,62.7,87.0,0.0,1.0,0.0,0.0,21.5,0.0,0.0,0.0,0.0,0.0,
3.11.2025,19:18:45.927,1.4,9.2,1.5,3.6,2.7,0.1,0.1,0.8,0.1,0.4,0.6,0.2,0.6,0.7,0.6,0.9,0.0,4.0,2.8,0.7,0.0,0.9,0.0,3.4,0.5,9.2,1.4,1.9,11.0,2.7,5.3,4.1,0.4,0.4,0.4,0.4,0.8,1.1,0.5,1.2,0.3,0.2,0.5,0.3,6.0,4.6,0.3,0.2,0.5,0.3,4.2,0.9,1.9,0.0,3.0,11.4,7.0,0.8,0.7,1.7,1.4,0.4,0.7,7.1,0.5,0.8,3.8,28.8,85.2,92.7,11.0,4.1,22.5,14.9,2.3,3.4,20.7,3.8,25.7,58.8,68.2,3.4,0.2,88.1,95.1,75.8,83.7,97.3,95.9,72.3,95.7,73.4,37.4,74.4,73.2,67.0,68.6,60.2,59.9,59.8,58.7,57.8,59.4,58.2,56.0,64.7,57.2,65.8,57.1,67.9,60.3,58.8,61.8,72.0,68.1,70.3,74.1,69.0,9.088,7.044,9.078,39.000,5.439,8.4,24.4,22.6,31.1,38.7,78.7,52.5,53.5,37,37,86.0,100.0,0.0,0.1,0.1,71.8,0.0,55.5,76.0,62.6,87.0,0.0,1.0,0.0,0.0,21.5,0.0,0.1,0.0,0.0,0.0,
3.11.2025,19:18:47.924,1.8,8.8,2.3,3.5,3.7,0.6,0.7,0.7,0.6,1.7,1.5,0.6,0.6,0.0,0.3,1.0,0.4,3.1,8.6,0.7,0.4,0.7,0.3,2.6,0.9,8.8,1.8,2.2,9.8,2.6,5.1,5.1,0.5,0.7,0.6,0.4,1.6,1.5,0.5,0.5,0.2,0.2,0.9,1.1,3.6,11.4,0.6,0.3,0.6,0.2,3.3,0.9,2.2,0.0,3.4,10.7,7.0,1.0,0.8,2.4,0.9,0.4,1.5,10.6,0.8,0.9,3.3,27.2,85.1,89.0,6.6,4.7,15.2,6.4,1.6,3.6,26.6,3.1,25.6,58.5,69.5,4.2,4.0,92.4,94.5,82.4,92.7,98.0,95.0,62.8,96.1,73.6,38.2,74.1,73.2,68.4,65.4,59.9,59.5,59.6,58.4,57.6,59.0,57.7,55.8,64.5,57.4,65.3,57.0,67.3,60.1,58.6,61.6,72.0,68.0,70.1,74.0,69.0,8.576,7.194,8.582,50.750,5.459,7.9,31.7,22.1,30.7,38.7,78.7,52.5,53.2,37,37,86.0,100.0,0.0,0.1,0.1,71.7,0.0,55.4,76.0,62.7,87.0,0.0,1.0,0.0,0.0,21.5,0.0,0.0,0.0,0.0,0.0,
3.11.2025,19:18:49.923,1.6,9.8,2.9,2.2,2.6,1.4,1.5,0.5,0.6,1.3,0.7,0.5,0.9,1.2,0.7,0.6,1.1,2.5,2.0,0.6,0.4,0.6,0.4,2.5,0.9,9.8,1.6,1.8,11.4,3.8,2.5,3.3,1.9,2.1,0.4,0.5,1.6,0.6,0.4,1.0,0.3,0.8,0.5,0.2,2.8,2.6,0.4,0.2,0.4,0.2,3.3,0.9,1.8,0.0,2.8,12.2,4.6,2.4,0.8,1.7,1.1,0.8,0.6,4.1,0.6,0.7,3.2,27.1,83.3,92.5,5.1,3.2,13.0,6.9,3.0,3.6,21.2,3.8,29.2,60.8,70.1,4.5,2.9,92.5,96.1,85.3,92.0,96.1,95.8,74.7,95.5,70.1,36.0,73.9,72.6,67.5,66.1,59.5,59.4,58.9,58.4,57.3,58.8,57.5,55.7,63.9,56.4,64.8,56.7,66.8,59.7,58.3,61.1,72.0,68.4,69.8,74.0,69.0,8.167,6.865,8.169,45.750,5.410,7.6,28.6,21.2,29.9,38.6,78.1,52.5,53.2,37,37,86.0,100.0,0.0,0.1,0.1,71.1,0.0,55.3,76.0,62.5,87.0,0.0,1.0,0.0,0.0,21.5,0.0,0.0,0.0,0.0,0.0,
3.11.2025,19:18:51.934,1.5,8.5,1.8,4.5,3.8,0.4,0.4,0.5,0.5,0.8,0.6,0.5,0.4,0.7,0.6,0.6,0.4,2.4,3.3,0.8,0.3,0.5,0.4,3.2,0.8,8.5,1.5,1.9,9.4,2.2,6.3,5.8,0.3,0.4,0.5,0.4,0.7,0.6,0.5,0.4,0.8,0.8,0.5,0.3,2.8,5.1,0.9,0.3,0.5,0.5,4.7,0.8,1.9,0.0,2.9,10.1,8.3,0.7,0.8,1.3,0.8,1.1,0.8,5.4,0.9,1.0,4.0,27.0,85.1,84.1,6.8,4.8,12.2,7.7,4.5,3.6,24.3,3.6,31.7,55.5,70.1,4.8,7.6,92.4,94.4,86.4,91.5,94.4,95.6,70.3,95.5,67.3,40.5,73.8,72.5,69.2,68.1,59.6,59.2,59.4,58.1,57.3,58.5,57.5,55.8,64.1,56.7,65.1,56.8,67.0,59.8,58.3,61.3,72.5,68.1,69.9,74.0,69.0,8.362,6.737,8.355,38.500,5.396,7.7,24.1,21.3,29.4,38.5,78.0,52.5,53.2,37,37,86.0,100.0,0.0,0.2,0.2,71.1,0.0,55.3,76.0,62.5,87.0,0.0,1.0,0.0,0.0,21.4,0.0,0.1,0.0,0.0,0.0,
3.11.2025,19:18:53.933,1.5,10.7,3.0,4.3,3.9,0.2,0.3,0.2,0.1,1.9,1.5,0.7,0.3,0.0,0.0,0.1,0.0,2.5,4.6,0.0,0.1,0.0,0.0,2.0,0.5,10.7,1.5,2.6,13.4,5.2,6.3,6.4,0.7,0.8,0.6,0.6,2.6,2.6,1.2,0.7,0.3,0.2,0.6,0.3,3.8,8.0,0.5,0.7,0.4,0.9,3.5,1.0,2.6,0.0,3.9,14.4,9.3,1.4,1.1,4.2,1.9,0.5,0.8,7.7,1.0,1.2,3.6,34.5,82.0,88.4,20.8,15.0,35.8,28.1,2.0,5.3,26.1,4.6,27.6,78.4,61.6,3.7,2.2,77.8,83.9,60.0,69.9,97.5,93.9,66.2,94.4,71.2,18.1,74.2,73.4,67.9,70.1,60.6,60.0,60.0,59.0,58.0,60.1,58.4,55.9,64.9,57.5,66.5,57.2,69.3,60.3,58.7,61.9,73.8,69.4,70.2,74.0,69.0,10.281,7.531,10.284,44.500,5.520,9.5,27.8,24.6,29.8,38.5,78.9,52.5,53.2,37,37,86.0,100.0,0.0,0.1,0.1,71.9,0.0,55.3,76.0,62.4,87.0,0.0,1.0,0.0,0.0,21.4,0.1,0.2,0.0,0.0,0.0,
3.11.2025,19:18:55.932,2.0,12.4,3.6,3.9,5.9,0.8,1.1,0.8,0.4,1.9,1.2,1.0,0.8,0.3,0.1,0.6,0.3,2.4,3.4,0.3,0.2,0.5,0.9,3.0,1.3,12.4,2.0,2.6,15.5,5.4,5.4,8.5,0.9,1.5,0.9,0.5,2.1,1.6,1.0,0.9,0.3,0.2,0.7,0.4,2.9,5.3,0.4,0.3,0.6,0.2,4.4,1.6,2.6,0.1,4.0,16.0,9.9,2.1,1.3,3.3,1.9,0.5,1.0,5.7,0.6,1.0,4.4,37.8,80.0,85.5,27.7,13.3,44.3,34.0,2.5,3.8,27.6,3.4,58.8,73.2,58.2,4.0,4.6,70.3,85.4,52.3,64.1,97.0,95.2,66.7,96.0,40.2,22.4,74.4,73.7,68.4,68.6,60.8,60.3,60.1,59.5,58.0,60.6,58.6,56.0,65.1,57.2,66.6,57.7,69.4,60.5,58.9,62.1,74.8,69.7,70.2,74.0,69.0,10.435,7.765,10.434,37.250,5.550,9.7,23.3,25.1,31.0,38.5,79.2,52.5,53.2,37,37,86.0,100.0,0.0,0.2,0.2,72.2,0.0,55.3,76.0,62.6,87.0,3.0,3.0,0.0,0.0,21.4,0.1,0.3,0.0,0.0,0.0,
3.11.2025,19:18:57.938,2.9,13.5,2.9,5.5,6.9,2.0,1.5,1.4,1.5,3.4,1.8,2.2,1.7,1.2,1.0,1.6,1.0,4.8,3.9,1.7,1.1,1.4,1.1,3.8,2.2,13.5,2.9,3.0,16.2,3.2,6.8,9.0,1.8,1.0,0.8,1.2,3.1,1.4,1.8,1.2,0.8,0.4,1.2,0.5,5.9,5.0,1.2,1.4,1.0,0.6,4.1,1.7,3.0,0.0,4.6,15.3,11.5,2.4,1.7,4.3,2.9,0.9,1.4,7.0,1.7,1.3,4.5,45.5,83.7,88.0,45.1,19.6,66.6,60.0,3.7,5.2,28.1,4.0,52.5,89.0,50.0,1.0,0.5,52.6,78.7,29.1,37.1,95.4,93.5,64.9,94.3,46.2,6.5,75.5,74.5,66.4,79.9,61.5,60.6,60.6,60.3,58.5,61.7,59.3,56.2,65.9,57.5,67.9,57.8,71.3,60.9,59.3,62.5,74.8,69.8,70.4,74.0,69.0,11.942,8.325,11.923,51.500,5.643,11.0,32.2,27.6,32.4,38.4,80.1,52.5,53.2,37,37,86.0,100.0,0.0,0.1,0.1,72.2,0.0,55.5,76.0,62.8,87.0,0.0,3.0,0.0,0.0,21.4,0.0,0.1,0.0,0.0,0.0,
3.11.2025,19:18:59.939,4.6,23.2,9.7,20.2,13.1,2.7,2.0,1.9,1.1,6.4,4.3,3.8,3.3,0.7,0.0,1.3,0.8,4.9,2.1,0.6,1.6,2.1,0.2,2.8,1.5,23.2,4.6,7.0,34.9,15.6,32.9,20.7,3.5,2.6,2.2,1.3,8.6,6.2,4.7,4.7,2.0,0.4,1.6,0.9,7.9,4.0,1.8,1.1,4.2,1.2,3.8,1.7,7.0,0.0,9.3,31.7,32.5,4.8,3.0,10.9,7.3,1.7,1.9,7.6,2.1,3.9,4.4,50.7,68.1,67.3,66.2,33.0,76.0,71.2,5.8,13.7,42.1,10.6,67.2,87.8,39.9,0.3,0.2,29.0,63.9,13.0,21.5,92.5,84.4,50.4,87.3,28.9,7.8,78.9,76.9,68.4,70.6,64.2,64.5,65.5,62.9,60.3,65.4,61.5,57.3,68.6,59.1,70.8,59.7,74.6,62.3,60.4,64.1,75.0,70.2,71.3,74.1,69.0,16.474,8.713,16.500,54.000,5.705,15.3,33.8,33.2,35.4,38.5,82.7,52.5,53.2,37,37,86.0,100.0,0.0,0.1,0.1,73.7,0.0,55.6,76.0,62.8,87.0,1.0,2.0,0.0,0.0,21.4,0.0,0.1,0.0,0.0,0.0,
3.11.2025,19:19:1.934,2.0,12.2,1.8,6.2,3.6,1.1,1.2,0.4,0.1,1.4,1.2,0.6,0.2,1.4,0.6,0.0,0.0,8.5,2.7,1.0,0.6,1.0,0.7,1.8,0.4,12.2,2.0,3.1,16.0,3.1,9.7,5.4,2.3,2.5,1.1,0.6,2.1,2.3,1.1,0.8,1.5,0.4,0.6,0.4,13.4,3.6,0.9,1.6,0.8,0.6,3.1,0.9,3.1,0.0,4.6,14.7,10.7,3.0,1.4,3.7,1.8,1.4,0.8,10.7,1.7,1.3,3.3,38.4,81.5,86.7,24.4,12.2,43.1,33.6,6.3,4.6,21.9,5.8,72.0,68.7,57.1,3.7,2.6,72.5,86.4,53.2,64.6,92.4,94.6,67.3,92.6,26.7,28.0,78.0,74.8,69.2,76.4,61.7,61.0,60.9,60.2,58.6,61.3,59.1,56.8,66.1,58.9,67.9,58.7,70.5,61.3,59.7,63.0,75.2,70.4,70.8,74.4,69.0,11.350,8.193,11.326,57.750,5.619,10.5,36.1,26.8,36.7,38.5,80.4,52.5,53.2,37,37,86.0,100.0,0.0,0.2,0.2,73.7,0.0,55.8,76.0,62.9,87.0,0.0,1.0,0.0,0.0,21.4,0.1,0.2,0.0,0.0,0.0,
3.11.2025,19:19:3.948,3.5,13.2,3.4,7.2,7.1,1.6,1.5,1.3,1.2,3.4,1.9,2.8,1.7,0.0,0.4,0.5,1.0,14.1,9.2,0.4,1.3,1.7,1.0,4.0,3.4,14.1,3.5,4.2,16.0,3.8,9.5,9.6,1.1,1.0,0.8,0.6,3.2,1.5,2.7,1.2,0.4,0.7,0.7,0.5,20.0,13.9,0.8,1.0,2.6,0.6,5.0,4.1,4.2,0.0,5.7,15.2,13.0,2.0,1.2,4.3,3.4,0.9,1.0,18.5,1.3,2.4,5.2,43.6,84.1,85.7,36.8,21.0,61.3,51.3,6.0,6.1,32.5,4.1,65.8,68.5,50.7,0.6,1.3,61.2,77.8,34.4,45.4,93.1,92.8,48.9,94.5,31.8,26.3,78.2,75.7,67.0,70.6,62.6,61.4,61.7,60.8,59.5,62.3,60.2,57.4,66.8,61.2,68.6,59.8,71.7,62.0,60.1,63.9,74.8,70.2,71.2,74.6,69.0,12.774,8.403,12.797,40.750,5.656,11.8,25.5,28.7,37.1,38.5,81.4,52.5,53.2,37,37,86.0,100.0,0.0,0.2,0.2,73.2,0.0,55.8,76.0,63.0,87.0,0.0,1.0,0.0,0.0,21.4,0.0,0.1,0.0,0.0,0.0,
3.11.2025,19:19:5.947,2.1,12.7,3.0,4.4,6.7,0.0,0.6,0.5,0.3,2.5,1.1,1.1,0.9,1.1,0.9,1.0,0.3,3.8,2.5,0.9,0.0,1.6,0.4,3.1,0.3,12.7,2.1,3.1,15.9,4.8,6.6,9.9,1.2,1.2,1.0,0.8,3.2,1.9,1.8,1.5,1.1,0.7,0.9,1.0,5.9,4.5,0.7,0.6,1.6,1.2,5.3,1.0,3.1,0.0,4.9,16.4,12.2,2.4,1.8,4.8,3.2,1.4,1.5,7.2,1.1,2.5,4.6,43.2,82.8,86.4,37.6,27.7,54.9,46.8,4.0,6.4,30.1,6.8,69.9,64.7,51.9,0.7,1.4,60.1,70.5,40.3,50.1,94.6,92.0,62.7,92.1,27.6,30.6,77.4,74.9,69.8,70.6,61.8,61.2,61.2,60.6,59.2,62.0,59.8,56.9,66.2,58.3,67.6,58.8,70.2,61.4,59.8,63.1,75.8,70.9,70.9,74.7,69.0,11.741,8.331,11.728,43.500,5.644,10.9,27.2,27.4,36.5,38.5,80.5,52.2,53.2,37,37,86.0,100.0,0.0,0.1,0.1,73.7,0.0,56.0,76.0,63.1,87.0,0.0,1.0,0.0,0.0,21.4,0.1,0.5,0.0,0.0,0.0,
3.11.2025,19:19:7.952,3.5,13.9,6.6,6.4,10.1,3.7,1.9,2.0,2.1,6.3,3.0,4.4,2.6,1.9,0.3,1.4,0.4,2.6,4.1,1.4,0.1,2.0,0.1,3.7,2.5,13.9,3.5,4.1,17.0,8.2,9.6,12.9,3.1,1.4,1.6,2.1,6.4,3.2,4.8,2.4,0.6,0.6,0.9,0.8,3.4,6.6,1.0,0.4,2.0,0.3,5.5,2.4,4.1,0.0,6.3,18.9,16.6,4.1,3.1,8.6,6.4,1.0,1.4,6.8,1.2,1.8,6.0,52.6,81.1,83.4,90.1,40.3,91.0,93.6,5.0,6.8,24.7,5.7,35.4,74.0,41.1,0.0,0.0,5.8,56.6,0.4,0.0,94.1,91.8,68.5,93.1,62.8,20.0,77.5,75.5,69.8,74.5,63.1,62.2,62.3,63.1,60.4,64.9,61.6,57.3,67.2,58.5,69.1,58.7,72.5,62.1,60.5,63.8,75.2,70.7,71.3,74.9,69.1,13.824,8.276,13.821,64.250,5.640,12.8,40.2,29.5,37.2,38.5,81.2,52.2,53.2,37,37,86.0,100.0,0.0,0.0,0.0,73.4,0.0,56.1,76.0,63.3,87.0,0.0,2.0,0.0,0.0,21.4,0.1,0.5,0.0,0.0,0.0,
3.11.2025,19:19:9.954,3.1,9.9,8.2,5.6,11.2,2.1,1.3,1.4,0.9,6.5,1.6,3.6,2.1,0.4,1.0,0.6,1.2,4.7,3.6,0.4,1.3,0.4,1.1,4.4,1.3,11.2,3.1,3.6,12.5,10.4,6.7,15.4,2.3,1.4,1.4,0.9,7.1,1.9,4.2,2.3,0.4,0.2,0.6,0.5,5.4,4.2,0.4,0.6,0.4,0.3,5.1,1.4,3.6,0.0,5.8,17.5,16.6,3.7,2.4,8.5,6.2,0.6,1.0,6.6,0.9,0.8,5.1,52.9,82.5,83.4,95.5,41.7,91.2,93.8,2.6,6.4,32.1,3.9,28.5,72.4,41.3,0.0,0.0,0.8,55.8,0.3,0.0,96.8,92.6,61.3,95.2,70.8,22.5,77.1,75.7,71.1,75.0,63.1,62.3,62.4,63.4,60.4,65.0,61.7,57.3,67.2,58.7,68.9,58.5,72.0,62.3,60.7,63.8,76.0,71.0,71.5,75.0,69.7,13.423,8.709,13.426,51.750,5.706,12.4,32.3,29.7,38.1,38.5,81.4,52.2,53.2,37,37,86.0,100.0,0.0,0.2,0.2,73.8,0.0,56.2,76.0,63.4,87.0,0.0,2.0,0.0,0.0,21.5,0.1,0.2,0.0,0.0,0.0,
3.11.2025,19:19:11.948,1.6,10.1,2.9,4.6,5.4,0.2,0.2,0.0,0.0,3.2,0.7,0.8,0.3,0.0,0.0,0.0,0.0,4.9,1.9,0.0,0.0,0.0,0.0,2.1,0.3,10.1,1.6,2.7,12.7,5.1,7.2,8.7,0.9,0.8,0.6,0.6,4.8,1.5,1.5,1.0,1.2,0.3,0.7,0.5,7.6,3.1,0.4,0.6,0.7,0.3,3.7,1.1,2.7,0.0,4.3,14.1,11.4,1.7,1.2,5.4,2.5,1.5,1.0,7.6,0.8,0.9,3.7,40.1,79.9,86.2,49.1,18.0,52.0,50.6,3.7,6.5,32.7,5.2,18.8,78.9,55.5,6.0,2.3,49.2,80.8,42.6,46.8,94.8,92.5,59.7,94.0,80.3,17.4,76.8,75.5,69.2,72.5,62.3,61.6,61.6,61.4,59.5,62.6,60.2,57.3,66.9,58.5,68.4,58.2,71.3,61.9,60.3,63.4,73.5,69.4,71.3,75.0,69.9,11.043,8.463,11.055,47.000,5.667,10.2,29.4,26.7,38.2,38.5,81.2,52.2,53.2,37,37,86.0,100.0,0.0,0.1,0.1,74.2,0.0,56.1,76.0,63.5,87.0,0.0,1.0,0.0,0.0,21.5,0.1,0.1,0.0,0.0,0.0,
3.11.2025,19:19:13.949,1.5,8.9,2.4,3.9,2.8,0.4,0.4,0.6,0.4,0.6,0.6,0.5,0.5,1.4,0.0,0.5,0.7,4.2,1.5,0.6,1.0,0.7,0.3,2.5,1.0,8.9,1.5,1.9,10.0,3.6,5.3,3.7,0.3,0.3,0.5,0.3,0.5,0.5,0.4,0.4,0.6,0.1,1.7,0.7,6.9,2.0,0.5,1.3,0.8,0.2,3.2,1.0,1.9,0.0,2.9,11.1,6.5,0.5,0.7,1.1,0.8,0.6,1.6,6.1,1.4,0.9,3.3,26.4,81.3,92.0,3.6,4.4,13.0,6.0,1.8,3.0,23.6,5.5,22.6,59.6,70.7,7.5,1.5,95.8,94.9,85.9,93.1,97.5,95.4,70.3,93.1,76.4,37.1,76.0,74.0,69.2,69.1,60.9,60.7,60.4,59.4,58.4,59.9,58.6,56.7,65.6,57.7,66.6,57.8,68.6,61.0,59.6,62.5,73.0,69.4,70.7,75.0,69.8,8.504,7.055,8.490,39.250,5.447,7.9,24.5,21.8,35.9,38.4,79.6,52.2,53.2,37,37,86.0,100.0,0.0,0.1,0.1,73.9,0.0,56.3,76.0,63.3,87.0,2.0,2.0,0.0,0.0,21.5,0.0,0.3,0.0,0.0,0.0,
3.11.2025,19:19:15.947,2.2,14.2,2.7,5.8,5.8,1.0,1.0,0.8,0.6,3.3,1.6,1.8,1.1,0.5,0.3,1.2,0.2,3.9,3.1,0.0,0.3,0.5,0.4,2.7,0.9,14.2,2.2,2.9,18.5,4.0,8.1,7.8,1.1,1.1,0.9,0.7,3.5,2.1,2.0,1.2,0.8,0.4,0.5,0.3,5.4,4.7,0.5,0.3,0.6,0.5,3.9,1.0,2.9,0.0,4.6,17.0,12.0,2.2,1.6,5.2,3.2,0.9,0.7,6.8,0.7,1.1,3.9,42.8,80.1,86.6,48.9,23.9,58.8,54.3,3.9,4.3,26.4,3.3,50.0,73.4,52.6,2.9,1.3,48.9,74.6,35.9,42.5,95.2,95.0,66.8,96.0,48.8,22.7,75.9,74.6,68.8,73.0,62.3,62.0,61.6,61.6,59.5,63.0,60.3,57.1,66.2,58.5,67.9,58.7,70.9,61.8,60.4,63.2,75.8,70.8,71.1,74.9,69.7,11.794,7.656,11.794,39.500,5.544,10.9,24.7,26.4,34.4,38.4,80.2,52.2,53.2,37,37,86.0,100.0,0.0,0.1,0.1,72.5,0.0,56.3,76.0,63.3,87.0,2.0,2.0,0.0,0.0,21.5,0.1,0.3,0.0,0.0,0.0,
3.11.2025,19:19:17.943,2.4,13.1,3.5,6.4,5.2,0.3,1.1,0.9,0.8,4.0,1.3,2.1,1.6,0.4,1.0,0.7,0.6,3.3,4.2,1.5,0.3,0.9,0.3,2.3,1.0,13.1,2.4,2.9,16.6,5.0,8.7,6.5,1.1,1.2,0.9,0.7,4.4,1.4,2.3,1.8,0.4,0.2,0.8,0.7,3.0,6.6,0.8,0.3,0.9,0.2,2.9,1.0,2.9,0.0,4.6,16.4,11.9,2.3,1.6,5.5,3.8,0.5,1.2,6.5,0.9,1.2,3.4,47.7,81.7,88.0,62.9,24.3,80.1,74.5,2.8,5.5,24.1,8.8,51.4,68.1,47.7,1.9,0.2,34.8,74.0,14.4,21.6,96.7,93.3,69.4,90.3,47.4,28.6,75.9,75.1,70.1,73.5,62.7,62.1,61.8,62.3,59.9,64.0,61.0,57.3,66.8,58.7,68.4,59.0,71.1,62.1,60.6,63.6,75.8,71.0,71.3,75.0,69.9,12.341,7.875,12.348,42.250,5.581,11.4,26.4,27.3,35.2,38.4,80.7,52.2,53.2,37,37,86.0,100.0,0.0,0.0,0.0,73.2,0.0,56.3,76.0,63.5,87.0,0.0,2.0,0.0,0.0,21.4,0.0,0.2,0.0,0.0,0.0,
3.11.2025,19:19:19.947,2.2,10.8,4.6,4.4,6.8,1.6,1.1,0.8,0.7,2.3,1.6,1.3,1.2,0.6,0.5,0.8,0.5,5.3,1.3,0.6,1.5,0.8,0.5,3.2,1.0,10.8,2.2,2.6,12.7,6.1,5.9,9.1,0.7,1.0,0.6,0.5,2.3,1.7,1.2,1.0,0.5,0.4,0.7,0.4,7.3,1.4,0.4,2.0,0.6,0.5,4.3,0.9,2.6,0.0,4.1,14.9,11.2,1.7,1.2,3.8,2.4,0.7,0.9,6.1,1.7,1.2,4.0,43.0,80.4,87.6,45.7,22.5,63.8,58.0,2.2,3.8,30.1,6.7,53.7,62.0,52.8,4.7,1.2,52.5,76.3,32.4,39.6,97.1,95.3,63.7,91.7,45.1,34.0,75.9,75.1,70.1,70.1,62.4,61.9,61.7,61.6,59.7,63.0,60.5,57.3,66.5,58.7,68.2,59.1,70.5,62.0,60.5,63.5,75.8,71.0,71.3,75.0,70.0,11.607,7.899,11.604,39.500,5.584,10.7,24.7,26.6,35.2,38.3,80.7,52.2,53.2,37,37,86.0,100.0,0.0,0.1,0.1,73.7,0.0,56.3,76.0,63.5,87.0,0.0,1.0,0.0,0.0,21.4,0.0,0.2,0.0,0.0,0.0,
3.11.2025,19:19:21.957,2.5,10.9,8.4,5.1,7.7,1.6,2.0,0.9,0.7,2.7,3.2,1.8,1.5,0.3,0.4,0.7,0.4,4.1,3.0,0.3,0.4,0.7,0.0,2.8,1.1,10.9,2.5,3.3,15.0,11.0,7.5,10.1,2.1,2.7,0.9,0.7,3.2,3.8,2.0,1.7,0.3,0.5,0.8,0.4,5.7,4.5,0.3,0.3,0.7,0.3,3.9,1.2,3.3,0.0,5.0,18.3,12.9,3.6,1.7,6.0,3.5,0.7,1.0,6.6,0.6,1.2,4.0,50.0,81.7,87.1,62.6,21.5,81.9,78.9,3.2,5.8,29.9,5.1,64.9,77.4,45.0,0.0,0.0,33.8,76.8,12.1,17.6,96.2,93.2,63.5,94.2,33.9,18.5,76.4,75.9,69.2,73.5,63.5,63.0,62.6,62.9,60.3,64.8,61.6,57.7,67.6,59.2,69.4,59.7,72.6,62.7,61.1,64.3,76.0,71.4,71.6,75.0,70.0,13.321,8.661,13.318,45.500,5.699,12.3,28.4,29.6,36.2,38.3,81.7,52.2,53.2,37,37,86.0,100.0,0.0,0.1,0.1,73.6,0.0,56.5,76.0,63.6,87.0,0.0,2.0,0.0,0.0,21.4,0.1,0.4,0.0,0.0,0.0,
3.11.2025,19:19:23.958,2.3,8.3,7.9,4.8,6.2,1.0,1.1,0.9,0.7,1.9,1.6,1.2,1.2,1.6,1.5,0.7,0.7,4.5,1.4,1.0,0.8,1.5,1.5,2.3,1.5,8.3,2.3,2.6,10.2,9.4,6.6,7.7,0.8,0.9,0.7,0.5,1.8,1.4,1.1,1.1,2.1,1.9,0.5,0.5,5.5,1.5,1.0,0.6,1.3,0.6,2.5,1.5,2.6,0.0,4.1,15.0,10.8,1.6,1.1,3.2,2.1,2.5,0.8,5.1,1.2,2.0,3.5,44.9,84.6,89.2,43.8,11.1,59.1,55.5,3.5,5.5,30.4,4.4,68.1,83.4,51.0,0.4,0.0,54.5,87.8,37.7,42.3,94.1,93.7,64.4,94.4,29.8,13.1,76.1,75.2,70.1,74.5,63.0,62.2,62.1,61.9,59.9,63.2,60.8,57.9,67.3,59.0,69.2,59.7,72.3,62.4,60.8,64.0,74.8,70.8,71.7,75.0,70.0,11.664,7.677,11.656,49.500,5.552,10.8,30.9,26.2,36.9,38.4,80.9,52.2,53.2,37,37,86.0,100.0,0.0,0.1,0.1,74.5,0.0,56.5,76.0,63.7,87.0,1.0,1.0,0.0,0.0,21.4,0.0,0.2,0.0,0.0,0.0,
3.11.2025,19:19:25.955,1.7,7.3,7.3,5.2,4.5,0.5,0.4,0.3,0.3,0.7,2.4,0.7,0.8,0.2,1.5,0.3,0.2,2.4,1.2,0.2,0.1,0.5,0.3,3.0,0.8,7.3,1.7,2.4,9.7,9.0,7.7,6.3,0.6,0.6,0.4,0.4,1.1,3.2,0.8,1.0,0.3,2.5,0.4,0.3,3.2,1.7,0.3,0.2,0.6,0.5,4.4,1.1,2.4,0.0,3.6,14.2,10.1,1.2,0.8,3.5,1.8,1.9,0.7,3.8,0.5,1.2,3.9,34.9,85.1,86.8,26.7,7.8,38.6,32.4,2.1,3.4,25.2,3.4,53.5,53.7,61.5,0.8,3.1,72.1,91.4,57.9,65.7,96.0,96.0,71.1,96.1,45.3,42.4,75.9,75.0,69.2,72.0,61.9,61.9,61.5,60.8,59.3,61.9,59.9,57.6,66.1,58.4,67.2,59.0,69.2,61.8,60.4,63.3,75.5,70.4,71.3,75.0,70.0,10.047,7.638,10.064,42.250,5.541,9.3,26.4,24.4,35.7,38.3,80.6,52.2,53.0,37,37,86.0,100.0,0.0,0.2,0.2,73.8,0.0,56.5,76.0,63.7,87.0,0.0,1.0,0.0,0.0,21.4,0.0,0.0,0.0,0.0,0.0,
3.11.2025,19:19:27.948,2.6,10.9,8.8,3.0,9.4,1.3,1.4,1.1,1.0,3.0,3.3,2.1,1.8,0.7,0.5,0.8,0.5,4.6,1.7,0.5,0.8,0.8,0.3,3.0,1.2,10.9,2.6,3.3,15.1,11.2,5.4,12.4,1.3,1.5,1.3,1.1,3.6,3.6,2.3,2.0,0.8,0.5,1.0,0.5,6.5,2.2,0.5,0.9,0.7,0.3,3.9,1.3,3.3,0.0,5.2,18.8,13.6,2.8,2.2,6.6,4.1,1.0,1.2,5.7,1.2,1.2,4.3,52.1,81.2,85.8,72.0,31.6,79.7,75.6,8.4,7.6,32.3,9.2,54.3,87.8,42.7,0.0,0.7,25.2,66.2,13.8,20.3,90.6,91.2,61.9,89.6,44.5,7.9,76.6,76.2,71.1,69.1,63.6,62.8,62.4,62.9,60.5,64.6,61.5,57.9,67.9,59.1,70.1,59.5,73.7,62.7,61.0,64.3,76.5,71.5,71.7,75.0,70.0,13.156,8.662,13.153,39.750,5.701,12.2,24.8,29.3,35.8,38.3,81.9,52.2,53.0,37,37,86.0,100.0,0.0,0.2,0.2,73.5,0.0,56.7,76.0,63.8,87.0,1.0,3.0,0.0,0.0,21.4,0.0,0.1,0.0,0.0,0.0,
3.11.2025,19:19:29.950,4.9,14.5,18.0,13.4,17.0,3.2,2.5,1.2,1.0,6.7,6.1,4.4,1.8,1.5,0.8,1.1,1.1,9.6,2.9,2.2,0.9,1.2,1.1,3.7,1.5,18.0,4.9,6.8,22.2,26.5,19.7,25.9,4.3,3.1,1.1,0.7,9.4,8.4,6.0,1.8,1.8,0.7,0.9,1.0,14.0,3.6,2.7,0.8,1.2,1.0,4.9,1.5,6.8,0.0,9.0,31.2,27.7,5.3,1.6,12.7,6.0,1.8,1.5,11.3,2.3,1.8,4.6,45.2,68.8,71.8,63.5,18.7,82.7,84.4,6.3,9.0,44.4,8.1,30.3,54.8,45.8,0.0,0.5,31.2,79.7,4.6,9.6,92.0,89.5,44.3,89.6,67.9,40.6,80.2,78.1,70.6,70.1,64.9,66.2,65.9,64.7,61.1,67.9,62.9,58.6,68.5,60.6,70.1,59.7,72.4,63.4,61.8,65.0,76.0,71.5,72.2,75.0,70.0,15.599,8.714,15.596,51.500,5.713,14.4,32.2,32.1,37.7,38.3,83.9,52.2,53.0,37,37,86.0,100.0,0.0,0.2,0.2,74.4,0.0,56.6,76.0,63.8,87.0,0.0,1.0,0.0,0.0,21.4,0.0,0.1,0.0,0.0,0.0,
3.11.2025,19:19:31.953,5.1,9.3,15.3,9.5,13.5,2.9,2.7,2.0,3.0,4.8,5.5,3.5,5.7,0.0,1.1,1.9,2.6,7.1,9.9,0.5,0.1,4.5,4.5,7.1,5.5,15.3,5.1,7.2,13.0,20.8,13.8,19.1,4.0,4.0,2.9,4.3,7.3,7.3,4.8,7.6,1.6,2.3,3.9,4.1,9.0,13.3,1.3,2.0,5.2,6.5,8.5,6.4,7.2,0.0,9.7,23.1,21.7,5.6,4.7,10.5,8.7,2.6,5.0,16.0,2.2,6.8,9.3,46.8,76.9,78.2,56.7,27.9,67.4,67.3,5.4,13.0,49.6,8.1,27.1,83.7,43.5,0.0,0.1,37.7,67.4,22.1,24.0,92.1,82.0,34.5,89.7,66.0,7.0,81.0,77.5,69.8,70.6,64.9,63.8,64.0,63.8,61.5,65.6,62.6,58.5,70.1,60.8,71.6,60.3,75.7,63.4,61.6,65.2,76.2,71.5,72.2,75.1,70.0,14.471,8.838,14.477,68.500,5.716,13.4,42.8,30.9,38.9,38.3,83.4,52.2,53.0,37,37,86.0,100.0,0.1,0.1,0.2,75.0,0.0,56.8,76.0,64.0,87.0,1.0,1.0,0.0,0.0,21.6,0.1,0.2,0.0,0.0,0.0,
3.11.2025,19:19:33.951,4.9,9.6,14.8,9.0,6.1,2.3,2.4,3.5,4.7,4.7,3.5,2.8,3.8,3.2,0.2,4.7,3.0,9.5,16.1,1.7,2.1,2.2,2.2,4.2,1.1,16.1,4.9,5.7,12.2,19.8,13.3,8.0,2.5,2.6,3.8,4.6,6.3,4.2,3.1,4.4,1.8,0.5,5.3,3.6,11.0,17.2,1.7,1.1,1.7,1.1,5.2,1.7,5.7,0.0,7.9,21.4,14.1,3.7,5.9,7.4,5.5,1.6,4.7,20.8,2.0,2.6,5.0,42.2,78.6,83.2,38.8,30.9,48.9,42.6,6.5,15.2,42.7,6.4,55.4,57.2,49.9,0.0,2.7,57.5,63.2,43.7,51.9,91.9,80.0,36.5,91.7,42.0,37.8,80.6,77.1,73.8,77.0,64.0,63.5,63.0,62.5,61.4,64.0,61.7,58.6,69.7,61.7,69.7,60.4,71.9,63.2,61.3,65.0,76.2,71.8,72.0,75.4,70.0,13.055,8.808,13.046,59.750,5.715,12.1,37.3,29.3,39.0,38.4,82.9,52.2,53.0,37,37,86.0,100.0,0.0,0.1,0.2,74.9,0.0,56.9,76.0,64.1,87.0,0.0,1.0,0.0,0.0,21.6,0.1,0.4,0.0,0.0,0.0,
3.11.2025,19:19:35.944,2.4,7.5,10.1,6.6,7.9,0.9,0.5,0.7,0.7,1.6,2.8,1.8,1.4,0.0,0.2,0.9,0.4,4.0,4.5,1.5,0.9,0.6,0.0,1.8,1.2,10.1,2.4,4.0,10.8,14.2,11.1,11.8,1.8,1.3,1.6,1.7,3.0,4.1,2.9,2.5,0.6,1.2,1.8,1.4,5.7,7.7,2.9,2.1,1.4,0.7,3.1,1.2,4.0,0.0,5.9,18.0,16.1,2.9,2.5,6.0,4.7,1.3,2.4,9.1,2.9,1.9,3.7,46.9,82.0,83.9,59.4,26.6,71.6,65.1,5.4,7.4,39.5,6.8,37.8,77.0,47.2,0.0,0.0,37.7,70.9,22.4,30.3,93.3,90.2,51.4,90.3,60.3,19.3,80.0,76.8,71.5,76.5,64.2,63.6,63.5,63.3,61.1,64.9,62.1,58.5,69.0,60.2,70.9,60.0,73.6,63.4,61.6,65.1,77.0,72.0,72.2,75.6,70.0,13.315,8.640,13.310,56.000,5.699,12.3,35.0,29.5,39.2,38.4,82.6,52.2,53.0,37,37,86.0,100.0,0.0,0.2,0.2,74.8,0.0,56.9,78.0,64.1,87.0,0.0,1.0,0.0,0.0,21.6,0.1,0.2,0.0,0.0,0.0,
3.11.2025,19:19:37.959,3.9,14.0,11.0,8.5,9.7,3.1,2.5,1.8,1.4,4.0,4.8,3.6,3.4,0.1,1.5,1.3,1.3,6.7,6.2,1.1,0.3,1.1,0.1,3.2,2.0,14.0,3.9,4.7,20.2,13.9,12.1,13.1,3.5,2.8,1.5,1.2,4.9,5.3,3.9,4.0,0.4,0.3,0.9,1.0,8.9,7.3,0.7,0.6,0.7,0.5,3.5,1.9,4.7,0.0,6.9,23.3,17.8,4.9,2.3,8.3,6.3,0.6,1.6,10.8,1.1,1.2,4.3,50.2,76.7,82.2,72.5,30.3,83.0,80.6,3.0,9.5,43.7,7.3,40.3,73.4,42.9,0.0,0.0,22.6,67.4,8.7,13.1,96.4,88.9,45.5,91.6,58.5,22.3,79.9,77.3,70.1,71.0,65.0,65.0,64.2,64.9,61.7,66.7,63.2,58.6,69.3,61.0,71.1,60.2,74.5,63.8,62.1,65.6,77.0,72.2,72.5,75.9,70.0,14.770,8.810,14.777,44.000,5.729,13.7,27.5,31.4,39.8,38.4,83.2,52.2,53.2,37,37,86.0,100.0,0.0,0.1,0.1,75.0,0.0,57.1,78.0,64.3,87.0,0.0,2.0,0.0,0.0,22.0,0.1,0.4,0.0,0.0,0.0,
3.11.2025,19:19:39.947,2.8,7.5,11.2,6.8,8.4,1.3,1.8,1.7,0.9,3.3,3.3,2.6,1.6,1.4,0.2,0.5,0.3,3.6,3.7,0.4,1.6,1.1,1.6,2.5,0.9,11.2,2.8,3.9,10.6,14.5,10.3,11.8,1.7,2.4,2.7,1.3,4.4,4.2,3.7,2.1,1.1,0.3,0.6,0.5,5.1,5.6,0.6,1.5,1.8,1.3,3.5,1.3,3.9,0.0,5.7,17.9,15.9,3.4,2.8,7.1,4.8,1.0,0.9,7.1,1.5,2.3,3.6,49.0,82.1,84.1,66.0,19.1,87.6,88.4,5.3,7.0,50.8,4.0,45.7,47.7,45.3,0.0,0.0,30.7,78.1,5.2,6.8,93.7,92.0,42.2,94.5,52.0,48.7,79.2,76.8,71.1,71.1,64.3,63.9,63.7,64.1,61.5,66.3,62.9,58.7,68.3,60.5,69.4,60.4,71.4,63.5,61.9,65.1,77.0,72.2,72.5,76.0,70.0,13.559,8.650,13.545,54.250,5.703,12.5,33.9,29.8,40.1,38.4,82.6,52.2,53.2,37,37,86.0,100.0,0.0,0.1,0.2,75.5,0.0,57.1,78.0,64.2,87.0,2.0,2.0,0.0,0.0,21.8,0.1,0.3,0.0,0.0,0.0,
3.11.2025,19:19:41.950,2.2,6.5,10.5,6.2,7.6,1.0,0.9,0.7,0.4,1.5,2.4,1.9,1.4,0.3,0.2,0.3,0.1,4.5,3.3,0.2,0.1,0.3,0.1,2.5,0.8,10.5,2.2,3.2,9.0,13.8,9.6,10.8,1.4,1.3,1.0,0.7,2.1,3.1,2.5,2.0,0.7,0.5,0.6,0.4,6.6,5.3,0.5,0.3,0.6,0.3,3.7,1.2,3.2,0.0,5.0,17.0,14.7,2.5,1.6,4.7,4.0,0.9,0.8,7.8,0.7,0.9,3.8,47.0,82.8,85.1,64.9,17.3,73.0,69.9,2.9,4.9,48.5,5.0,37.0,72.6,48.1,0.2,0.2,32.6,81.1,22.3,26.1,96.2,94.3,43.7,94.3,62.0,23.6,78.6,76.8,70.6,71.5,64.1,63.7,63.6,63.8,61.1,65.2,62.3,58.6,68.2,60.4,70.0,59.9,73.0,63.5,61.9,65.1,76.8,72.3,72.5,76.0,70.1,12.782,8.724,12.788,44.500,5.711,11.8,27.8,29.0,39.8,38.4,82.6,52.2,53.0,37,37,86.0,100.0,0.0,0.1,0.1,75.4,0.0,57.1,78.0,64.3,87.0,1.0,1.0,0.0,0.0,21.8,0.0,0.1,0.0,0.0,0.0,
3.11.2025,19:19:43.945,3.0,8.0,9.2,5.8,8.2,2.2,1.9,1.3,1.5,2.6,2.9,2.5,1.7,0.7,0.9,1.2,1.1,5.5,4.5,1.0,1.0,1.6,0.7,3.7,1.8,9.2,3.0,3.7,10.9,11.7,8.6,11.6,2.7,2.3,1.3,1.7,3.1,3.6,3.2,1.8,0.5,0.7,1.2,1.0,7.4,6.1,0.9,0.8,1.8,0.6,4.6,1.8,3.7,0.0,5.3,15.8,13.6,3.5,2.3,5.0,3.8,1.0,1.6,8.6,1.4,1.8,4.9,40.4,83.8,85.6,34.9,21.6,45.5,39.0,4.2,9.1,45.4,6.6,26.5,82.5,54.3,0.3,0.8,61.6,76.1,49.5,57.2,94.8,89.3,46.0,92.0,71.7,12.6,78.5,76.7,72.0,73.5,63.6,63.0,62.9,62.6,60.8,63.6,61.3,58.4,68.3,60.1,69.7,59.6,72.8,63.0,61.5,64.6,76.8,72.2,72.0,76.0,70.2,11.411,8.498,11.419,59.500,5.674,10.6,37.2,27.0,38.6,38.4,82.4,52.2,53.0,37,37,86.0,100.0,0.0,0.2,0.2,75.4,0.0,57.1,76.0,64.3,87.0,0.0,1.0,0.0,0.0,21.8,0.0,0.1,0.0,0.0,0.0,
3.11.2025,19:19:45.947,2.4,8.7,9.9,4.1,8.9,0.9,1.0,0.5,0.7,2.3,2.7,2.1,1.5,0.4,0.1,0.4,0.2,5.1,2.0,0.4,0.3,0.8,0.3,3.1,1.3,9.9,2.4,3.3,11.9,13.1,6.2,12.5,1.1,1.3,0.7,1.0,3.1,3.4,2.8,1.9,0.6,0.2,0.5,0.4,7.5,2.9,0.5,0.5,1.1,0.5,4.6,1.9,3.3,0.0,5.1,18.2,13.7,2.3,1.5,5.7,4.2,0.7,0.8,7.1,0.9,1.5,4.7,48.9,81.7,86.3,62.8,23.2,77.1,74.6,2.9,7.3,45.8,4.3,57.7,63.0,46.0,0.1,0.0,34.8,75.3,17.2,21.3,96.4,91.9,47.1,94.9,40.7,32.3,78.2,76.8,72.0,71.1,64.3,63.9,63.5,63.8,61.3,65.6,62.7,58.6,68.5,60.5,70.0,60.5,72.8,63.5,61.9,65.2,77.0,72.4,72.4,76.0,70.5,13.185,8.560,13.172,47.250,5.693,12.2,29.5,29.3,38.6,38.4,82.6,52.2,53.0,37,37,86.0,100.0,0.0,0.1,0.1,74.8,0.0,57.3,78.0,64.5,87.0,0.0,2.0,0.0,0.0,21.5,0.1,0.3,0.0,0.0,0.0,
3.11.2025,19:19:47.963,2.9,8.1,11.2,5.0,8.9,2.0,1.2,1.4,1.5,2.0,3.3,1.9,2.6,0.9,0.9,2.3,0.5,4.8,2.3,1.3,0.7,0.8,0.7,3.4,1.3,11.2,2.9,3.7,11.3,14.5,6.8,12.7,2.5,1.1,1.5,1.8,2.3,4.1,2.2,3.3,0.8,1.0,3.1,0.4,6.3,3.0,1.6,0.6,0.7,0.7,4.6,1.3,3.7,0.0,5.3,17.6,13.8,2.9,2.4,5.1,4.3,1.3,2.3,6.5,1.5,1.3,4.3,44.3,82.4,84.6,51.0,15.7,69.7,62.2,4.0,4.2,45.8,8.0,40.0,64.5,50.4,0.0,1.6,46.1,81.9,25.2,33.5,94.7,93.5,47.8,90.5,58.7,31.2,78.5,77.2,69.8,74.0,64.3,64.1,63.7,63.6,61.4,65.3,62.4,58.9,68.9,60.4,70.3,60.3,72.9,63.7,62.0,65.3,76.8,72.1,72.6,76.0,70.7,12.761,8.767,12.780,65.250,5.714,11.8,40.8,29.1,38.8,38.4,83.0,52.2,53.0,37,37,86.0,100.0,0.0,0.1,0.1,75.3,0.0,57.3,78.0,64.5,87.0,1.0,1.0,0.0,0.0,21.6,0.0,0.2,0.0,0.0,0.0,
3.11.2025,19:19:49.983,1.9,5.3,9.2,5.1,4.0,0.8,0.8,0.9,0.7,1.7,1.3,1.0,1.0,0.5,0.7,0.9,0.8,3.8,1.3,0.7,0.6,0.7,0.4,3.0,1.1,9.2,1.9,2.3,6.2,12.0,6.9,5.0,0.7,0.7,0.8,0.5,1.9,1.4,1.0,0.9,0.3,0.8,0.9,0.7,4.9,1.4,0.7,0.6,0.5,0.2,4.0,1.0,2.3,0.0,3.4,13.5,8.8,1.2,1.1,2.7,1.7,0.8,1.2,4.6,0.9,0.8,3.8,32.9,86.0,88.5,17.0,12.6,32.3,22.2,1.7,4.9,28.3,3.0,27.3,70.8,63.7,0.6,2.6,81.8,86.2,65.0,76.1,97.5,93.9,67.1,96.0,71.9,25.3,77.9,76.0,69.8,72.0,62.8,62.6,62.1,61.5,60.2,62.4,60.5,58.2,67.5,59.2,68.6,59.4,71.2,62.7,61.2,64.3,76.2,71.6,72.0,76.0,70.7,9.578,7.921,9.581,37.750,5.580,8.9,23.6,24.2,37.5,38.4,81.7,52.2,53.0,38,38,86.0,100.0,0.0,0.1,0.1,75.5,0.0,57.2,78.0,64.5,87.0,0.0,1.0,0.0,0.0,21.6,0.0,0.2,0.0,0.0,0.0,
3.11.2025,19:19:52.000,1.5,4.5,8.0,4.7,3.6,0.2,0.2,0.1,0.1,1.1,0.7,0.6,0.2,0.0,0.0,0.0,0.8,4.3,2.5,0.1,0.1,0.0,0.0,3.0,0.6,8.0,1.5,2.5,6.3,10.5,7.7,5.4,0.8,0.8,0.6,0.7,2.0,1.4,1.3,0.8,0.5,0.6,0.7,1.7,6.7,4.4,0.7,0.6,0.4,0.2,5.1,1.2,2.5,0.0,3.8,12.6,9.3,1.3,1.1,2.8,1.8,0.8,1.7,7.5,1.1,0.6,4.5,32.4,86.6,87.6,16.0,11.2,28.4,20.2,3.0,6.2,30.5,2.7,5.5,91.0,63.8,0.7,3.1,82.7,87.7,68.8,78.0,96.2,92.1,62.1,96.3,93.9,4.5,77.6,76.0,68.4,72.5,62.8,62.3,62.1,61.2,60.0,62.0,60.4,58.3,67.7,59.6,69.1,59.1,72.3,62.7,61.1,64.3,76.2,71.6,71.9,76.0,70.6,9.550,8.001,9.549,43.000,5.595,8.8,26.9,24.3,35.9,38.3,81.8,52.2,53.0,37,37,86.0,100.0,0.0,0.2,0.2,74.4,0.0,57.2,78.0,64.5,87.0,1.0,1.0,0.0,0.0,21.5,0.0,0.1,0.0,0.0,0.0,
3.11.2025,19:19:54.001,2.4,6.6,7.1,4.6,5.0,1.7,1.2,1.1,1.2,1.8,1.7,1.5,1.7,3.5,1.0,2.0,1.0,4.5,1.9,1.1,1.0,1.1,0.9,3.1,1.6,7.1,2.4,2.2,7.7,7.6,5.5,6.4,1.4,0.6,0.5,0.6,1.4,1.2,1.0,1.3,3.3,0.3,0.6,0.4,5.1,1.6,0.4,0.3,0.4,0.2,3.4,0.9,2.2,0.0,3.3,11.7,8.5,1.6,1.0,2.2,1.8,2.3,0.9,4.9,0.7,0.6,3.4,32.2,87.8,83.9,14.1,9.0,28.0,17.9,2.4,5.2,28.7,3.6,21.5,84.0,64.5,0.5,7.6,84.4,90.1,69.8,80.3,95.3,93.9,66.3,95.7,77.9,12.6,77.1,75.6,69.8,71.5,62.6,62.1,62.0,61.1,59.9,61.8,60.3,58.4,67.2,59.2,68.7,59.2,71.5,62.6,61.0,64.2,75.8,71.6,71.8,76.0,70.4,9.396,7.698,9.397,45.500,5.550,8.7,28.4,23.7,34.5,38.3,81.3,52.2,53.0,37,37,86.0,100.0,0.0,0.1,0.2,74.3,0.0,57.2,78.0,64.5,87.0,0.0,0.0,0.0,0.0,21.5,0.0,0.1,0.0,0.0,0.0,
3.11.2025,19:19:56.002,1.6,5.2,6.9,4.5,4.1,0.6,0.4,0.4,0.3,1.1,1.1,1.0,0.7,0.0,0.0,0.4,0.2,4.5,3.1,0.0,0.1,0.0,0.0,2.1,1.2,6.9,1.6,2.3,6.6,8.5,6.8,5.5,1.0,0.6,0.5,0.5,1.5,1.4,1.5,1.0,0.2,0.8,0.5,0.4,6.1,4.9,0.4,0.3,0.5,0.6,3.0,1.7,2.3,0.0,3.5,11.7,8.9,1.3,0.9,2.5,2.0,1.0,0.8,7.6,0.7,1.0,3.7,32.5,88.0,88.0,14.4,9.1,32.8,20.9,3.5,4.9,25.5,3.1,28.9,70.8,64.0,0.3,3.1,84.3,90.0,64.6,77.1,95.5,94.3,66.9,96.2,70.1,25.4,76.9,76.1,68.8,72.0,62.5,62.1,61.9,61.1,59.9,61.9,60.3,58.1,67.1,59.3,68.2,59.2,70.7,62.5,60.9,64.0,76.5,71.7,71.6,76.0,70.4,9.456,8.294,9.451,40.750,5.639,8.8,25.5,24.6,33.8,38.3,81.8,52.2,53.0,37,37,86.0,100.0,0.0,0.1,0.1,74.0,0.0,57.2,78.0,64.4,87.0,0.0,1.0,0.0,0.0,21.4,0.0,0.1,0.0,0.0,0.0,
3.11.2025,19:19:58.003,2.1,5.1,7.4,2.7,7.9,0.3,0.6,0.3,0.0,1.2,0.6,0.5,0.5,0.7,1.2,0.4,0.0,11.0,3.3,1.3,0.1,0.8,0.8,1.9,0.7,11.0,2.1,3.2,7.3,10.0,4.2,12.5,1.1,1.5,1.0,0.6,2.2,1.3,1.2,1.2,0.6,0.2,1.1,0.6,17.2,5.7,1.5,0.8,0.7,0.6,3.2,1.5,3.2,0.0,4.7,13.0,11.9,2.0,1.3,3.0,1.9,0.6,1.3,14.6,1.4,1.2,3.6,33.5,86.7,84.2,14.9,11.9,32.8,23.2,3.6,6.3,33.9,5.3,23.5,76.1,61.8,0.3,3.9,83.1,86.8,64.2,74.9,95.7,92.4,51.5,93.3,75.3,20.3,77.2,76.5,69.8,70.1,63.1,62.5,62.5,61.3,60.3,62.2,60.6,58.4,67.8,60.7,69.4,59.5,72.2,62.9,61.2,64.6,77.0,72.1,71.8,76.0,70.4,10.686,8.554,10.680,54.250,5.681,9.9,33.9,26.4,33.8,38.2,82.3,52.2,53.0,37,37,86.0,100.0,0.0,0.1,0.1,74.3,0.0,57.2,78.0,64.4,87.0,0.0,1.0,0.0,0.0,21.4,0.0,0.1,0.0,0.0,0.0,
3.11.2025,19:20:0.003,5.1,13.9,16.3,17.0,10.8,5.5,2.7,2.1,2.3,6.6,3.0,5.1,3.9,0.6,0.1,3.0,2.2,6.5,4.4,2.6,2.6,2.0,1.1,3.8,4.3,17.0,5.1,7.0,20.8,23.9,26.5,16.3,7.7,3.3,2.1,2.5,9.4,3.4,7.1,5.0,1.0,0.4,3.6,2.4,9.6,5.6,3.0,3.1,1.8,0.7,4.4,5.7,7.0,0.0,8.9,27.9,25.6,7.0,3.2,8.6,7.6,1.1,3.3,9.8,4.0,2.0,6.9,35.5,72.1,72.8,23.3,14.9,40.1,28.9,5.1,8.6,40.2,9.1,65.2,45.4,55.6,0.0,1.6,69.7,81.9,51.3,63.5,93.7,88.2,49.9,86.9,32.7,47.7,80.5,78.1,70.6,73.0,64.7,65.8,65.9,63.5,61.4,64.8,62.3,58.9,69.3,60.8,70.4,60.8,72.1,63.6,61.9,65.2,75.5,71.2,72.3,76.0,70.7,13.733,8.378,13.732,62.250,5.659,12.7,38.9,29.3,35.6,38.2,84.0,52.2,53.0,37,37,86.0,100.0,0.0,0.2,0.3,74.7,0.0,57.3,78.0,64.5,87.0,0.0,1.0,0.0,0.0,21.4,0.0,0.1,0.0,0.0,0.0,
3.11.2025,19:20:1.996,1.8,6.4,8.6,5.6,4.4,0.2,0.7,0.4,0.1,1.2,0.9,1.3,0.4,0.7,0.6,0.0,0.0,5.6,1.6,0.6,0.6,0.4,0.0,2.4,0.4,8.6,1.8,3.0,9.5,11.3,9.2,6.5,0.9,1.6,1.0,0.8,2.1,1.7,2.5,1.1,0.5,1.8,0.6,0.6,7.3,2.8,1.6,1.6,1.1,0.5,4.0,1.1,3.0,0.0,4.4,15.1,10.9,2.0,1.5,3.2,2.8,1.5,1.0,7.0,2.3,1.5,3.8,36.2,84.9,87.1,21.5,12.2,44.9,32.2,3.5,5.9,32.1,4.4,49.3,56.5,59.4,0.0,2.0,76.5,86.3,51.9,64.9,95.0,93.1,60.9,93.4,49.2,39.7,79.4,76.2,71.1,74.5,63.1,62.8,62.6,61.8,60.4,63.0,61.0,58.4,67.6,59.7,68.7,59.9,70.8,62.9,61.3,64.4,76.5,72.1,71.9,76.0,70.8,10.582,8.247,10.589,50.750,5.638,9.8,31.7,25.9,35.3,38.2,81.9,52.2,53.0,37,37,86.0,100.0,0.0,0.1,0.1,74.9,0.0,57.3,78.0,64.5,87.0,0.0,1.0,0.0,0.0,21.4,0.0,0.1,0.0,0.0,0.0,
3.11.2025,19:20:4.004,3.5,13.2,9.4,6.6,9.7,2.7,1.8,2.1,1.1,3.3,5.9,3.1,2.5,0.7,1.4,1.2,1.7,5.5,3.2,1.6,0.6,0.9,0.6,3.0,1.9,13.2,3.5,4.3,17.9,11.6,9.5,12.9,3.3,2.2,2.7,0.9,4.5,6.4,3.5,3.1,0.6,0.5,1.2,0.9,7.4,4.5,2.0,0.5,0.8,0.4,3.9,2.1,4.3,0.0,6.3,20.7,16.2,3.6,2.8,8.9,5.5,0.9,1.6,8.0,1.8,1.1,4.6,45.3,79.2,82.2,62.4,23.9,52.9,61.9,5.9,6.4,37.1,5.9,50.6,75.6,48.3,0.1,1.6,34.1,73.2,38.2,32.6,93.2,92.0,54.9,92.3,48.2,19.8,79.0,76.8,71.5,76.5,64.2,64.0,63.5,63.7,61.3,65.0,62.4,58.6,68.4,60.2,70.3,60.1,73.5,63.4,61.8,65.0,77.0,72.2,72.2,76.0,70.8,13.058,8.490,13.049,63.000,5.675,12.1,39.4,28.8,35.6,38.2,82.6,52.2,53.0,37,37,86.0,100.0,0.0,0.1,0.2,74.5,0.0,57.4,78.0,64.4,87.0,0.0,1.0,0.0,0.0,21.5,0.1,0.3,0.0,0.0,0.0,
3.11.2025,19:20:6.005,2.8,9.2,9.2,3.9,10.7,2.0,1.3,1.2,1.2,1.6,6.9,2.8,2.4,0.0,0.0,0.6,0.5,2.9,3.5,0.0,0.5,0.1,0.6,2.7,3.0,10.7,2.8,3.5,11.0,11.7,4.7,14.1,2.1,1.3,1.2,1.3,2.0,7.4,3.0,2.6,0.7,1.0,0.5,0.4,3.2,4.8,0.6,0.5,0.9,0.6,3.6,4.1,3.5,0.0,5.6,16.6,15.0,3.4,2.3,8.6,5.6,1.2,0.9,5.9,0.9,1.4,5.6,53.2,83.4,84.8,96.6,37.9,75.8,94.4,4.0,3.8,26.0,7.6,51.9,72.7,41.1,0.0,0.2,0.0,59.8,15.6,0.0,94.8,95.3,68.1,91.5,46.6,21.7,79.2,77.3,70.6,73.5,64.5,63.5,63.6,64.5,61.8,65.7,63.0,58.8,68.5,59.9,70.5,60.4,73.8,63.6,62.0,65.2,77.0,72.5,72.6,76.0,71.0,12.973,8.780,12.978,47.000,5.724,12.0,29.4,29.2,36.9,38.2,83.1,52.2,53.0,38,38,86.0,100.0,0.0,0.1,0.1,75.0,0.0,57.4,78.0,64.6,87.0,0.0,2.0,0.0,0.0,21.6,0.1,0.4,0.0,0.0,0.0,
3.11.2025,19:20:7.990,3.2,8.8,10.6,6.1,9.8,1.8,1.7,1.0,1.2,1.4,7.2,3.2,2.8,1.3,1.9,0.7,0.5,5.4,1.6,1.2,0.5,1.5,0.4,3.2,1.9,10.6,3.2,3.6,11.0,13.8,8.5,12.5,1.8,1.8,0.9,1.1,1.4,7.4,3.5,2.9,0.5,0.4,0.7,0.4,7.6,2.0,0.4,0.4,0.7,0.3,3.8,1.8,3.6,0.0,5.7,17.6,16.2,3.4,2.1,8.7,6.2,0.7,0.9,6.6,0.7,1.1,4.5,52.4,82.4,83.8,96.5,21.8,89.3,93.8,2.9,4.8,22.3,5.3,51.0,74.8,41.9,0.0,0.0,0.1,76.1,2.0,0.0,96.4,94.2,71.1,94.0,47.9,20.7,79.1,77.3,71.5,72.5,64.8,64.1,63.8,65.2,61.7,66.8,63.3,58.9,68.7,60.1,70.6,60.6,74.0,63.9,62.2,65.5,77.2,72.7,72.8,76.0,71.0,13.571,8.787,13.572,44.250,5.730,12.6,27.7,29.9,37.8,38.2,83.2,52.2,53.0,37,37,86.0,100.0,0.0,0.0,0.0,75.5,0.0,57.5,78.0,64.7,87.0,1.0,2.0,0.0,0.0,21.6,0.1,0.3,0.0,0.0,0.0,
3.11.2025,19:20:9.991,3.5,10.7,11.1,5.1,11.5,2.8,2.4,2.4,2.0,2.5,7.3,4.5,2.7,0.6,0.4,0.7,1.2,4.1,1.5,0.6,1.1,0.6,0.4,4.5,2.9,11.5,3.5,4.5,14.0,14.7,7.0,14.9,3.4,3.2,3.2,2.5,3.6,7.9,5.4,3.0,0.7,0.4,0.9,1.6,5.6,1.9,0.7,1.6,0.8,0.5,6.4,4.2,4.5,0.0,6.9,19.7,17.0,5.5,3.8,10.1,7.7,1.0,1.9,5.4,1.7,1.1,7.6,51.9,80.3,83.0,94.2,36.7,88.5,91.8,3.8,8.3,24.6,5.9,25.0,80.0,41.3,0.0,0.0,0.3,59.5,1.4,0.4,95.2,89.8,69.9,92.4,73.9,12.4,79.8,77.7,72.0,77.9,65.1,64.4,63.9,65.5,62.1,67.0,63.3,59.0,69.3,60.0,71.4,60.1,75.2,64.0,62.3,65.6,77.0,72.4,72.9,76.0,71.0,13.928,8.812,13.912,65.250,5.731,12.9,40.8,30.2,38.2,38.2,83.6,52.2,53.0,37,37,86.0,100.0,0.0,0.1,0.1,75.8,0.0,57.5,78.0,64.7,87.0,1.0,2.0,0.0,0.0,21.4,0.1,0.2,0.0,0.0,0.0,
3.11.2025,19:20:12.004,3.4,12.3,10.0,5.0,10.3,5.1,1.9,2.9,1.6,1.4,7.5,6.6,1.9,0.2,0.0,0.9,0.6,4.1,3.2,0.6,0.0,0.4,0.0,3.6,2.6,12.3,3.4,4.2,15.0,12.2,6.3,12.9,5.4,2.0,3.1,1.8,1.7,7.9,7.5,2.2,0.4,0.6,1.1,0.7,5.5,5.0,0.7,0.4,0.5,0.3,4.5,3.0,4.2,0.0,7.2,20.0,16.1,7.6,5.0,9.3,9.2,0.8,1.8,7.2,1.1,0.8,7.0,58.3,80.0,83.9,92.4,95.0,87.0,90.8,3.6,16.1,26.0,6.7,25.2,93.0,34.5,0.0,0.0,0.0,0.0,3.6,0.0,95.6,82.1,66.9,92.2,74.0,0.0,79.2,77.6,72.0,78.4,65.7,64.4,64.0,65.6,63.4,67.0,63.8,59.3,70.5,60.7,72.5,60.4,76.9,64.4,62.5,66.3,77.2,72.6,73.3,76.0,71.0,15.021,8.833,15.026,54.000,5.737,13.9,33.8,31.3,39.4,38.3,83.4,52.2,53.2,37,37,86.0,100.0,0.0,0.1,0.1,75.7,0.0,57.6,78.0,64.9,87.0,1.0,2.0,0.0,0.0,21.6,0.1,0.5,0.0,0.0,0.0,
3.11.2025,19:20:13.996,3.5,8.6,12.4,7.3,6.8,3.1,1.7,2.5,1.9,2.9,3.8,3.1,1.8,0.5,1.9,2.6,0.9,4.6,3.7,1.9,1.8,1.1,2.4,5.8,1.6,12.4,3.5,4.0,11.0,16.2,10.5,8.3,3.4,1.4,2.7,2.0,3.3,3.7,3.4,1.5,1.0,0.8,3.0,0.5,5.5,4.8,2.0,0.6,0.6,1.7,7.8,1.2,4.0,0.0,5.9,18.8,13.1,3.8,3.5,5.8,4.1,1.4,2.5,7.2,1.9,1.8,6.5,39.2,80.8,86.2,30.2,20.6,55.7,47.0,4.4,4.9,32.1,3.9,40.8,63.9,54.9,0.4,0.7,65.9,75.9,38.4,48.9,94.3,92.6,60.7,94.2,57.4,29.7,79.4,77.6,71.1,71.1,64.5,64.4,63.9,63.3,61.6,64.8,62.2,59.1,69.4,60.4,70.8,60.5,73.6,63.9,62.2,65.6,77.8,72.9,73.0,76.2,71.0,11.918,8.799,11.925,61.000,5.717,11.0,38.1,28.1,39.5,38.3,83.4,52.2,53.0,37,37,86.0,100.0,0.0,0.1,0.1,75.9,0.0,57.7,78.0,64.9,87.0,0.0,2.0,0.0,0.0,21.6,0.1,0.5,0.0,0.0,0.0,
